-- MySQL dump 10.13  Distrib 5.7.17, for Win64 (x86_64)
--
-- Host: localhost    Database: covid-19simulator
-- ------------------------------------------------------
-- Server version	5.7.17-log

/*!40101 SET @OLD_CHARACTER_SET_CLIENT=@@CHARACTER_SET_CLIENT */;
/*!40101 SET @OLD_CHARACTER_SET_RESULTS=@@CHARACTER_SET_RESULTS */;
/*!40101 SET @OLD_COLLATION_CONNECTION=@@COLLATION_CONNECTION */;
/*!40101 SET NAMES utf8 */;
/*!40103 SET @OLD_TIME_ZONE=@@TIME_ZONE */;
/*!40103 SET TIME_ZONE='+00:00' */;
/*!40014 SET @OLD_UNIQUE_CHECKS=@@UNIQUE_CHECKS, UNIQUE_CHECKS=0 */;
/*!40014 SET @OLD_FOREIGN_KEY_CHECKS=@@FOREIGN_KEY_CHECKS, FOREIGN_KEY_CHECKS=0 */;
/*!40101 SET @OLD_SQL_MODE=@@SQL_MODE, SQL_MODE='NO_AUTO_VALUE_ON_ZERO' */;
/*!40111 SET @OLD_SQL_NOTES=@@SQL_NOTES, SQL_NOTES=0 */;

--
-- Table structure for table `church`
--

DROP TABLE IF EXISTS `church`;
/*!40101 SET @saved_cs_client     = @@character_set_client */;
/*!40101 SET character_set_client = utf8 */;
CREATE TABLE `church` (
  `id` int(10) NOT NULL AUTO_INCREMENT,
  `name` varchar(255) NOT NULL,
  `x` int(10) NOT NULL,
  `y` int(10) NOT NULL,
  `width` int(10) NOT NULL,
  `height` int(10) NOT NULL,
  `sickPercentage` double NOT NULL,
  `locationCategoryId` int(10) NOT NULL,
  `openTime` int(11) DEFAULT NULL,
  `closeTime` int(11) DEFAULT NULL,
  `days` varchar(200) DEFAULT NULL,
  `fixed` tinyint(2) DEFAULT NULL,
  PRIMARY KEY (`id`),
  UNIQUE KEY `id` (`id`),
  KEY `FKchurch812349` (`locationCategoryId`),
  CONSTRAINT `FKchurch812349` FOREIGN KEY (`locationCategoryId`) REFERENCES `locationcategories` (`id`)
) ENGINE=InnoDB AUTO_INCREMENT=2 DEFAULT CHARSET=utf8;
/*!40101 SET character_set_client = @saved_cs_client */;

--
-- Dumping data for table `church`
--

LOCK TABLES `church` WRITE;
/*!40000 ALTER TABLE `church` DISABLE KEYS */;
INSERT INTO `church` VALUES (1,' ',104,52,50,50,50,95,0,0,' ',0);
/*!40000 ALTER TABLE `church` ENABLE KEYS */;
UNLOCK TABLES;

--
-- Table structure for table `cities`
--

DROP TABLE IF EXISTS `cities`;
/*!40101 SET @saved_cs_client     = @@character_set_client */;
/*!40101 SET character_set_client = utf8 */;
CREATE TABLE `cities` (
  `id` int(100) NOT NULL AUTO_INCREMENT,
  `name` varchar(255) NOT NULL,
  `population` int(10) DEFAULT NULL,
  `width` int(10) DEFAULT NULL,
  `heigth` int(10) DEFAULT NULL,
  `main` int(11) NOT NULL DEFAULT '0',
  `countryId` int(10) NOT NULL,
  `sexUsed` int(11) DEFAULT '1',
  `populationUsed` int(11) DEFAULT '1',
  `religionUsed` int(11) DEFAULT NULL,
  `yearUsed` int(11) DEFAULT '1',
  PRIMARY KEY (`id`),
  UNIQUE KEY `id` (`id`),
  KEY `FKcities335233` (`countryId`),
  CONSTRAINT `FKcities335233` FOREIGN KEY (`countryId`) REFERENCES `country` (`id`)
) ENGINE=InnoDB AUTO_INCREMENT=92 DEFAULT CHARSET=utf8;
/*!40101 SET character_set_client = @saved_cs_client */;

--
-- Dumping data for table `cities`
--

LOCK TABLES `cities` WRITE;
/*!40000 ALTER TABLE `cities` DISABLE KEYS */;
INSERT INTO `cities` VALUES (74,'zgharta',0,1976,988,0,1,1,1,NULL,1),(76,'iuyt',0,1976,988,0,1,1,1,NULL,1),(77,'efefe',0,1976,988,0,1,1,1,NULL,1),(78,'new city',0,1976,988,0,1,1,1,NULL,1),(79,'new city1',0,1976,988,0,1,1,1,NULL,1),(80,'new city2',0,1976,988,0,1,1,1,NULL,1),(81,'new city3',0,1976,988,0,1,1,1,NULL,1),(82,'new city4',0,1976,988,0,1,1,1,NULL,1),(83,'new city5',0,1976,988,0,1,1,1,NULL,1),(84,'new city6',0,1976,988,0,1,1,1,NULL,1),(85,'beirut',0,1976,988,0,1,1,1,NULL,1),(86,'jbeil',0,1976,988,0,1,1,1,NULL,1),(87,'new city7',0,1976,988,0,1,1,1,NULL,1),(88,'new city8',0,1976,988,1,1,1,1,NULL,1),(89,'tripoly',0,1976,988,0,1,1,1,NULL,1),(90,'Beirut',0,1976,988,0,1,1,1,NULL,1),(91,'Kousba',0,1976,988,0,1,1,1,NULL,1);
/*!40000 ALTER TABLE `cities` ENABLE KEYS */;
UNLOCK TABLES;

--
-- Table structure for table `city_models`
--

DROP TABLE IF EXISTS `city_models`;
/*!40101 SET @saved_cs_client     = @@character_set_client */;
/*!40101 SET character_set_client = utf8 */;
CREATE TABLE `city_models` (
  `cityid` int(100) NOT NULL,
  `modelsid` int(10) NOT NULL,
  PRIMARY KEY (`cityid`,`modelsid`),
  KEY `FKcity_model887892` (`cityid`),
  KEY `FKcity_model582739` (`modelsid`),
  CONSTRAINT `FKcity_model582739` FOREIGN KEY (`modelsid`) REFERENCES `models` (`id`),
  CONSTRAINT `FKcity_model887892` FOREIGN KEY (`cityid`) REFERENCES `cities` (`id`)
) ENGINE=InnoDB DEFAULT CHARSET=utf8;
/*!40101 SET character_set_client = @saved_cs_client */;

--
-- Dumping data for table `city_models`
--

LOCK TABLES `city_models` WRITE;
/*!40000 ALTER TABLE `city_models` DISABLE KEYS */;
/*!40000 ALTER TABLE `city_models` ENABLE KEYS */;
UNLOCK TABLES;

--
-- Table structure for table `city_models_populationtype`
--

DROP TABLE IF EXISTS `city_models_populationtype`;
/*!40101 SET @saved_cs_client     = @@character_set_client */;
/*!40101 SET character_set_client = utf8 */;
CREATE TABLE `city_models_populationtype` (
  `city_modelscityid` int(100) NOT NULL,
  `city_modelsmodelsid` int(10) NOT NULL,
  `populationTypeid` int(10) NOT NULL,
  `date` varchar(255) NOT NULL,
  `time` varchar(255) NOT NULL,
  `HumanNumber` int(10) NOT NULL,
  PRIMARY KEY (`city_modelscityid`,`city_modelsmodelsid`,`populationTypeid`),
  KEY `FKcity_model682030` (`city_modelscityid`,`city_modelsmodelsid`),
  KEY `FKcity_model504518` (`populationTypeid`),
  CONSTRAINT `FKcity_model504518` FOREIGN KEY (`populationTypeid`) REFERENCES `populationtype` (`id`),
  CONSTRAINT `FKcity_model682030` FOREIGN KEY (`city_modelscityid`, `city_modelsmodelsid`) REFERENCES `city_models` (`cityid`, `modelsid`)
) ENGINE=InnoDB DEFAULT CHARSET=utf8;
/*!40101 SET character_set_client = @saved_cs_client */;

--
-- Dumping data for table `city_models_populationtype`
--

LOCK TABLES `city_models_populationtype` WRITE;
/*!40000 ALTER TABLE `city_models_populationtype` DISABLE KEYS */;
/*!40000 ALTER TABLE `city_models_populationtype` ENABLE KEYS */;
UNLOCK TABLES;

--
-- Table structure for table `citysextype`
--

DROP TABLE IF EXISTS `citysextype`;
/*!40101 SET @saved_cs_client     = @@character_set_client */;
/*!40101 SET character_set_client = utf8 */;
CREATE TABLE `citysextype` (
  `id` int(11) NOT NULL AUTO_INCREMENT,
  `name` varchar(30) NOT NULL,
  `percentage` double NOT NULL,
  `cityid` int(11) NOT NULL,
  PRIMARY KEY (`id`),
  KEY `cityid` (`cityid`),
  CONSTRAINT `citysextype_ibfk_1` FOREIGN KEY (`cityid`) REFERENCES `cities` (`id`)
) ENGINE=InnoDB AUTO_INCREMENT=97 DEFAULT CHARSET=utf8;
/*!40101 SET character_set_client = @saved_cs_client */;

--
-- Dumping data for table `citysextype`
--

LOCK TABLES `citysextype` WRITE;
/*!40000 ALTER TABLE `citysextype` DISABLE KEYS */;
INSERT INTO `citysextype` VALUES (61,'Male',10,74),(62,'Female',10,74),(65,'Male',10,76),(66,'Female',10,76),(67,'Male',10,77),(68,'Female',10,77),(69,'Male',10,78),(70,'Female',10,78),(71,'Male',10,79),(72,'Female',10,79),(73,'Male',10,80),(74,'Female',10,80),(75,'Male',10,81),(76,'Female',10,81),(77,'Male',10,82),(78,'Female',10,82),(79,'Male',10,83),(80,'Female',10,83),(81,'Male',10,84),(82,'Female',10,84),(83,'Male',10,85),(84,'Female',10,85),(85,'Male',10,86),(86,'Female',10,86),(87,'Male',10,87),(88,'Female',10,87),(89,'Male',50,88),(90,'Female',50,88),(91,'Male',10,89),(92,'Female',10,89),(93,'Male',10,90),(94,'Female',10,90),(95,'Male',10,91),(96,'Female',10,91);
/*!40000 ALTER TABLE `citysextype` ENABLE KEYS */;
UNLOCK TABLES;

--
-- Table structure for table `country`
--

DROP TABLE IF EXISTS `country`;
/*!40101 SET @saved_cs_client     = @@character_set_client */;
/*!40101 SET character_set_client = utf8 */;
CREATE TABLE `country` (
  `id` int(10) NOT NULL AUTO_INCREMENT,
  `name` varchar(255) NOT NULL,
  PRIMARY KEY (`id`),
  UNIQUE KEY `id` (`id`)
) ENGINE=InnoDB AUTO_INCREMENT=2 DEFAULT CHARSET=utf8;
/*!40101 SET character_set_client = @saved_cs_client */;

--
-- Dumping data for table `country`
--

LOCK TABLES `country` WRITE;
/*!40000 ALTER TABLE `country` DISABLE KEYS */;
INSERT INTO `country` VALUES (1,'Lebanon');
/*!40000 ALTER TABLE `country` ENABLE KEYS */;
UNLOCK TABLES;

--
-- Table structure for table `dayrows`
--

DROP TABLE IF EXISTS `dayrows`;
/*!40101 SET @saved_cs_client     = @@character_set_client */;
/*!40101 SET character_set_client = utf8 */;
CREATE TABLE `dayrows` (
  `id` int(11) NOT NULL AUTO_INCREMENT,
  `name` varchar(50) DEFAULT NULL,
  `locationCategoryId` int(11) DEFAULT NULL,
  `used` int(11) DEFAULT '1',
  PRIMARY KEY (`id`),
  KEY `locationCategoryId` (`locationCategoryId`),
  CONSTRAINT `dayrows_ibfk_1` FOREIGN KEY (`locationCategoryId`) REFERENCES `locationcategories` (`id`)
) ENGINE=InnoDB AUTO_INCREMENT=225 DEFAULT CHARSET=utf8;
/*!40101 SET character_set_client = @saved_cs_client */;

--
-- Dumping data for table `dayrows`
--

LOCK TABLES `dayrows` WRITE;
/*!40000 ALTER TABLE `dayrows` DISABLE KEYS */;
INSERT INTO `dayrows` VALUES (1,'Monday',85,0),(2,'Tuesday',85,1),(3,'Wednesday',85,0),(4,'Thursday',85,1),(5,'Friday',85,1),(6,'Saturday',85,1),(7,'Sunday',85,1),(8,'Monday',86,1),(9,'Tuesday',86,1),(10,'Wednesday',86,1),(11,'Thursday',86,1),(12,'Friday',86,1),(13,'Saturday',86,1),(14,'Sunday',86,1),(15,'Monday',87,1),(16,'Tuesday',87,1),(17,'Wednesday',87,1),(18,'Thursday',87,1),(19,'Friday',87,1),(20,'Saturday',87,1),(21,'Sunday',87,1),(22,'Monday',88,1),(23,'Tuesday',88,1),(24,'Wednesday',88,1),(25,'Thursday',88,1),(26,'Friday',88,1),(27,'Saturday',88,1),(28,'Sunday',88,1),(29,'Monday',89,0),(30,'Tuesday',89,0),(31,'Wednesday',89,0),(32,'Thursday',89,0),(33,'Friday',89,1),(34,'Saturday',89,0),(35,'Sunday',89,0),(36,'Monday',90,1),(37,'Tuesday',90,1),(38,'Wednesday',90,1),(39,'Thursday',90,1),(40,'Friday',90,1),(41,'Saturday',90,1),(42,'Sunday',90,1),(43,'Monday',91,1),(44,'Tuesday',91,1),(45,'Wednesday',91,1),(46,'Thursday',91,1),(47,'Friday',91,1),(48,'Saturday',91,0),(49,'Sunday',91,0),(50,'Monday',92,1),(51,'Tuesday',92,1),(52,'Wednesday',92,1),(53,'Thursday',92,1),(54,'Friday',92,1),(55,'Saturday',92,1),(56,'Sunday',92,1),(57,'Monday',93,1),(58,'Tuesday',93,1),(59,'Wednesday',93,1),(60,'Thursday',93,1),(61,'Friday',93,1),(62,'Saturday',93,0),(63,'Sunday',93,0),(64,'Monday',94,1),(65,'Tuesday',94,1),(66,'Wednesday',94,1),(67,'Thursday',94,1),(68,'Friday',94,1),(69,'Saturday',94,0),(70,'Sunday',94,0),(71,'Monday',95,0),(72,'Tuesday',95,0),(73,'Wednesday',95,0),(74,'Thursday',95,0),(75,'Friday',95,0),(76,'Saturday',95,0),(77,'Sunday',95,1),(78,'Monday',96,1),(79,'Tuesday',96,1),(80,'Wednesday',96,1),(81,'Thursday',96,1),(82,'Friday',96,1),(83,'Saturday',96,1),(84,'Sunday',96,1),(85,'Monday',97,0),(86,'Tuesday',97,0),(87,'Wednesday',97,0),(88,'Thursday',97,0),(89,'Friday',97,0),(90,'Saturday',97,0),(91,'Sunday',97,0),(92,'Monday',98,0),(93,'Tuesday',98,0),(94,'Wednesday',98,0),(95,'Thursday',98,0),(96,'Friday',98,0),(97,'Saturday',98,0),(98,'Sunday',98,0),(113,'Monday',101,1),(114,'Tuesday',101,1),(115,'Wednesday',101,1),(116,'Thursday',101,1),(117,'Friday',101,1),(118,'Saturday',101,1),(119,'Sunday',101,1),(120,'Monday',102,1),(121,'Tuesday',102,1),(122,'Wednesday',102,1),(123,'Thursday',102,1),(124,'Friday',102,1),(125,'Saturday',102,1),(126,'Sunday',102,1),(134,'Monday',104,0),(135,'Tuesday',104,0),(136,'Wednesday',104,0),(137,'Thursday',104,0),(138,'Friday',104,0),(139,'Saturday',104,0),(140,'Sunday',104,0),(148,'Monday',106,1),(149,'Tuesday',106,1),(150,'Wednesday',106,1),(151,'Thursday',106,1),(152,'Friday',106,1),(153,'Saturday',106,1),(154,'Sunday',106,1),(155,'Monday',107,1),(156,'Tuesday',107,1),(157,'Wednesday',107,1),(158,'Thursday',107,1),(159,'Friday',107,1),(160,'Saturday',107,1),(161,'Sunday',107,1),(162,'Monday',108,0),(163,'Tuesday',108,0),(164,'Wednesday',108,0),(165,'Thursday',108,0),(166,'Friday',108,0),(167,'Saturday',108,0),(168,'Sunday',108,0),(169,'Monday',109,1),(170,'Tuesday',109,1),(171,'Wednesday',109,1),(172,'Thursday',109,1),(173,'Friday',109,1),(174,'Saturday',109,0),(175,'Sunday',109,0),(176,'Monday',110,1),(177,'Tuesday',110,1),(178,'Wednesday',110,1),(179,'Thursday',110,1),(180,'Friday',110,1),(181,'Saturday',110,1),(182,'Sunday',110,1),(183,'Monday',111,0),(184,'Tuesday',111,0),(185,'Wednesday',111,0),(186,'Thursday',111,0),(187,'Friday',111,0),(188,'Saturday',111,0),(189,'Sunday',111,1),(190,'Monday',112,1),(191,'Tuesday',112,1),(192,'Wednesday',112,1),(193,'Thursday',112,1),(194,'Friday',112,1),(195,'Saturday',112,1),(196,'Sunday',112,1),(197,'Monday',113,1),(198,'Tuesday',113,1),(199,'Wednesday',113,1),(200,'Thursday',113,1),(201,'Friday',113,1),(202,'Saturday',113,1),(203,'Sunday',113,1),(204,'Monday',114,1),(205,'Tuesday',114,1),(206,'Wednesday',114,1),(207,'Thursday',114,1),(208,'Friday',114,1),(209,'Saturday',114,0),(210,'Sunday',114,0),(211,'Monday',115,0),(212,'Tuesday',115,0),(213,'Wednesday',115,0),(214,'Thursday',115,0),(215,'Friday',115,0),(216,'Saturday',115,0),(217,'Sunday',115,0),(218,'Monday',116,0),(219,'Tuesday',116,0),(220,'Wednesday',116,0),(221,'Thursday',116,0),(222,'Friday',116,0),(223,'Saturday',116,0),(224,'Sunday',116,0);
/*!40000 ALTER TABLE `dayrows` ENABLE KEYS */;
UNLOCK TABLES;

--
-- Table structure for table `displacementcmap`
--

DROP TABLE IF EXISTS `displacementcmap`;
/*!40101 SET @saved_cs_client     = @@character_set_client */;
/*!40101 SET character_set_client = utf8 */;
CREATE TABLE `displacementcmap` (
  `id` int(100) NOT NULL AUTO_INCREMENT,
  `name` varchar(255) NOT NULL,
  `x` int(10) NOT NULL,
  `y` int(10) NOT NULL,
  `width` int(10) NOT NULL,
  `height` int(10) NOT NULL,
  `sickPercentage` double NOT NULL,
  `locationCategoryId` int(10) NOT NULL,
  `fixed` tinyint(2) DEFAULT NULL,
  PRIMARY KEY (`id`),
  UNIQUE KEY `id` (`id`),
  KEY `FKdisplaceme431359` (`locationCategoryId`),
  CONSTRAINT `FKdisplaceme431359` FOREIGN KEY (`locationCategoryId`) REFERENCES `locationcategories` (`id`)
) ENGINE=InnoDB DEFAULT CHARSET=utf8;
/*!40101 SET character_set_client = @saved_cs_client */;

--
-- Dumping data for table `displacementcmap`
--

LOCK TABLES `displacementcmap` WRITE;
/*!40000 ALTER TABLE `displacementcmap` DISABLE KEYS */;
/*!40000 ALTER TABLE `displacementcmap` ENABLE KEYS */;
UNLOCK TABLES;

--
-- Table structure for table `factory`
--

DROP TABLE IF EXISTS `factory`;
/*!40101 SET @saved_cs_client     = @@character_set_client */;
/*!40101 SET character_set_client = utf8 */;
CREATE TABLE `factory` (
  `id` int(11) NOT NULL AUTO_INCREMENT,
  `name` varchar(255) NOT NULL,
  `x` int(10) NOT NULL,
  `y` int(10) DEFAULT NULL,
  `width` int(10) DEFAULT NULL,
  `height` int(10) DEFAULT NULL,
  `sickPercentage` double DEFAULT NULL,
  `locationCategoryId` int(10) DEFAULT NULL,
  `openTime` int(10) DEFAULT NULL,
  `closeTime` int(10) DEFAULT NULL,
  `days` varchar(200) DEFAULT NULL,
  `fixed` tinyint(2) DEFAULT NULL,
  PRIMARY KEY (`id`),
  UNIQUE KEY `id_UNIQUE` (`id`),
  KEY `locationCategoryId` (`locationCategoryId`),
  CONSTRAINT `factory_ibfk_1` FOREIGN KEY (`locationCategoryId`) REFERENCES `locationcategories` (`id`)
) ENGINE=InnoDB AUTO_INCREMENT=6 DEFAULT CHARSET=utf8;
/*!40101 SET character_set_client = @saved_cs_client */;

--
-- Dumping data for table `factory`
--

LOCK TABLES `factory` WRITE;
/*!40000 ALTER TABLE `factory` DISABLE KEYS */;
INSERT INTO `factory` VALUES (1,' ',468,754,75,75,50,81,7,15,'Monday Tuesday Wednesday Thursday Friday ',0),(2,' ',988,260,75,75,50,81,7,15,'Monday Tuesday Wednesday Thursday Friday ',0),(3,' ',1430,182,75,75,50,81,7,15,'Monday Tuesday Wednesday Thursday Friday ',0),(4,' ',1924,260,75,75,50,94,0,0,' ',0),(5,' ',260,624,75,75,0,114,NULL,NULL,NULL,NULL);
/*!40000 ALTER TABLE `factory` ENABLE KEYS */;
UNLOCK TABLES;

--
-- Table structure for table `hospital`
--

DROP TABLE IF EXISTS `hospital`;
/*!40101 SET @saved_cs_client     = @@character_set_client */;
/*!40101 SET character_set_client = utf8 */;
CREATE TABLE `hospital` (
  `id` int(10) NOT NULL AUTO_INCREMENT,
  `name` varchar(255) NOT NULL,
  `x` int(10) NOT NULL,
  `y` int(10) NOT NULL,
  `width` int(10) NOT NULL,
  `height` int(10) NOT NULL,
  `sickPercentage` double NOT NULL,
  `locationCategoryId` int(10) NOT NULL,
  `openTime` int(11) DEFAULT NULL,
  `closeTime` int(11) DEFAULT NULL,
  `days` varchar(200) DEFAULT NULL,
  `fixed` tinyint(2) DEFAULT NULL,
  PRIMARY KEY (`id`),
  UNIQUE KEY `id` (`id`),
  KEY `FKhospital403145` (`locationCategoryId`),
  CONSTRAINT `FKhospital403145` FOREIGN KEY (`locationCategoryId`) REFERENCES `locationcategories` (`id`)
) ENGINE=InnoDB AUTO_INCREMENT=86 DEFAULT CHARSET=utf8;
/*!40101 SET character_set_client = @saved_cs_client */;

--
-- Dumping data for table `hospital`
--

LOCK TABLES `hospital` WRITE;
/*!40000 ALTER TABLE `hospital` DISABLE KEYS */;
INSERT INTO `hospital` VALUES (74,' ',1066,572,75,75,50,75,0,23,'Monday Friday Tuesday Saturday Wednesday Sunday Thursday ',1),(75,' ',1248,468,75,75,50,75,0,23,'Monday Friday Tuesday Saturday Wednesday Sunday Thursday ',1),(76,' ',1378,312,75,75,50,82,0,0,'Monday Saturday Friday Sunday Thursday ',0),(77,' ',884,442,75,75,50,82,0,0,'Monday Saturday Friday Sunday Thursday ',0),(78,' ',234,546,75,75,50,86,0,0,'',0),(79,' ',1404,546,75,75,50,86,0,0,'',0),(80,' ',338,858,75,75,50,86,0,0,'',0),(81,' ',104,208,75,75,50,86,0,0,'',0),(82,' ',598,260,75,75,50,86,0,0,'',0),(83,' ',1248,624,75,75,50,101,NULL,NULL,NULL,NULL),(84,' ',1352,520,75,75,50,101,NULL,NULL,NULL,NULL),(85,' ',416,156,75,75,0,110,NULL,NULL,NULL,NULL);
/*!40000 ALTER TABLE `hospital` ENABLE KEYS */;
UNLOCK TABLES;

--
-- Table structure for table `house`
--

DROP TABLE IF EXISTS `house`;
/*!40101 SET @saved_cs_client     = @@character_set_client */;
/*!40101 SET character_set_client = utf8 */;
CREATE TABLE `house` (
  `id` int(100) NOT NULL AUTO_INCREMENT,
  `name` varchar(255) DEFAULT NULL,
  `x` int(10) NOT NULL,
  `y` int(10) NOT NULL,
  `width` int(10) NOT NULL,
  `height` int(10) NOT NULL,
  `sickPercentage` double NOT NULL,
  `locationCategoryId` int(10) NOT NULL,
  `fixed` tinyint(2) DEFAULT NULL,
  PRIMARY KEY (`id`),
  UNIQUE KEY `id` (`id`),
  KEY `FKhouse304912` (`locationCategoryId`),
  CONSTRAINT `FKhouse304912` FOREIGN KEY (`locationCategoryId`) REFERENCES `locationcategories` (`id`)
) ENGINE=InnoDB AUTO_INCREMENT=3932 DEFAULT CHARSET=utf8;
/*!40101 SET character_set_client = @saved_cs_client */;

--
-- Dumping data for table `house`
--

LOCK TABLES `house` WRITE;
/*!40000 ALTER TABLE `house` DISABLE KEYS */;
INSERT INTO `house` VALUES (2607,' ',858,546,25,25,50,74,0),(2608,' ',858,650,25,25,50,74,0),(2609,' ',546,26,25,25,50,74,0),(2610,' ',338,832,25,25,50,74,0),(2611,' ',520,832,25,25,50,74,0),(2612,' ',1144,286,25,25,50,74,0),(2613,' ',1690,676,25,25,50,74,0),(2614,' ',598,754,25,25,50,74,0),(2615,' ',1846,130,25,25,50,74,0),(2616,' ',988,910,25,25,50,74,0),(2617,' ',312,208,25,25,50,74,0),(2618,' ',1014,806,25,25,50,74,0),(2619,' ',1170,572,25,25,50,74,0),(2620,' ',312,780,25,25,50,74,0),(2621,' ',1170,364,25,25,50,74,0),(2622,' ',1560,832,25,25,50,74,0),(2623,' ',1300,52,25,25,50,74,0),(2624,' ',364,130,25,25,50,74,0),(2625,' ',1508,208,25,25,50,74,0),(2626,' ',1898,26,25,25,50,74,0),(2627,' ',546,858,25,25,50,74,0),(2628,' ',1534,780,25,25,50,74,0),(2629,' ',962,104,25,25,50,74,0),(2630,' ',598,182,25,25,50,74,0),(2631,' ',1794,208,25,25,50,74,0),(2632,' ',1456,572,25,25,50,74,0),(2633,' ',156,286,25,25,50,74,0),(2634,' ',806,494,25,25,50,74,0),(2635,' ',1898,702,25,25,50,74,0),(2636,' ',52,234,25,25,50,74,0),(2637,' ',754,494,25,25,50,74,0),(2638,' ',312,468,25,25,50,74,0),(2639,' ',962,546,25,25,50,74,0),(2640,' ',1924,390,25,25,50,74,0),(2641,' ',1898,832,25,25,50,74,0),(2642,' ',1196,78,25,25,50,74,0),(2643,' ',1690,104,25,25,50,74,0),(2644,' ',728,806,25,25,50,74,0),(2645,' ',130,832,25,25,50,74,0),(2646,' ',858,364,25,25,50,74,0),(2647,' ',572,624,25,25,50,74,0),(2648,' ',702,390,25,25,50,74,0),(2649,' ',1534,182,25,25,50,74,0),(2650,' ',1274,572,25,25,50,74,0),(2651,' ',1170,520,25,25,50,74,0),(2652,' ',546,416,25,25,50,74,0),(2653,' ',1898,338,25,25,50,74,0),(2654,' ',312,260,25,25,50,74,0),(2655,' ',1118,754,25,25,50,74,0),(2656,' ',988,208,25,25,50,74,0),(2657,' ',1924,624,25,25,50,78,0),(2658,' ',1014,624,25,25,50,78,0),(2659,' ',1118,520,25,25,50,78,0),(2660,' ',442,806,25,25,50,78,0),(2661,' ',598,676,25,25,50,78,0),(2662,' ',104,26,25,25,50,78,0),(2663,' ',52,832,25,25,50,78,0),(2664,' ',442,390,25,25,50,78,0),(2665,' ',1768,312,25,25,50,78,0),(2666,' ',1768,442,25,25,50,78,0),(2667,' ',442,702,25,25,50,78,0),(2668,' ',208,286,25,25,50,78,0),(2669,' ',26,416,25,25,50,78,0),(2670,' ',1508,78,25,25,50,78,0),(2671,' ',988,390,25,25,50,78,0),(2672,' ',130,728,25,25,50,78,0),(2673,' ',1638,156,25,25,50,78,0),(2674,' ',910,754,25,25,50,78,0),(2675,' ',650,390,25,25,50,78,0),(2676,' ',676,702,25,25,50,78,0),(2677,' ',1872,728,25,25,50,78,0),(2678,' ',52,650,25,25,50,78,0),(2679,' ',104,364,25,25,50,78,0),(2680,' ',468,182,25,25,50,78,0),(2681,' ',910,208,25,25,50,78,0),(2682,' ',52,884,25,25,50,78,0),(2683,' ',1768,494,25,25,50,78,0),(2684,' ',1300,130,25,25,50,78,0),(2685,' ',1560,182,25,25,50,78,0),(2686,' ',1482,676,25,25,50,78,0),(2687,' ',1144,182,25,25,50,78,0),(2688,' ',1846,858,25,25,50,78,0),(2689,' ',624,312,25,25,50,78,0),(2690,' ',286,156,25,25,50,78,0),(2691,' ',936,624,25,25,50,78,0),(2692,' ',1872,442,25,25,50,78,0),(2693,' ',1586,182,25,25,50,78,0),(2694,' ',78,676,25,25,50,78,0),(2695,' ',1170,468,25,25,50,78,0),(2696,' ',78,286,25,25,50,78,0),(2697,' ',1716,754,25,25,50,78,0),(2698,' ',1794,338,25,25,50,78,0),(2699,' ',1924,676,25,25,50,78,0),(2700,' ',1716,390,25,25,50,78,0),(2701,' ',1144,806,25,25,50,78,0),(2702,' ',130,468,25,25,50,78,0),(2703,' ',910,104,25,25,50,78,0),(2704,' ',598,52,25,25,50,78,0),(2705,' ',858,832,25,25,50,78,0),(2706,' ',780,598,25,25,50,78,0),(2707,' ',858,546,25,25,50,83,0),(2708,' ',858,650,25,25,50,83,0),(2709,' ',546,26,25,25,50,83,0),(2710,' ',338,832,25,25,50,83,0),(2711,' ',520,832,25,25,50,83,0),(2712,' ',1144,286,25,25,50,83,0),(2713,' ',1690,676,25,25,50,83,0),(2714,' ',598,754,25,25,50,83,0),(2715,' ',1846,130,25,25,50,83,0),(2716,' ',988,910,25,25,50,83,0),(2717,' ',312,208,25,25,50,83,0),(2718,' ',1014,806,25,25,50,83,0),(2719,' ',1170,572,25,25,50,83,0),(2720,' ',312,780,25,25,50,83,0),(2721,' ',1170,364,25,25,50,83,0),(2722,' ',1560,832,25,25,50,83,0),(2723,' ',1300,52,25,25,50,83,0),(2724,' ',364,130,25,25,50,83,0),(2725,' ',1508,208,25,25,50,83,0),(2726,' ',1898,26,25,25,50,83,0),(2727,' ',546,858,25,25,50,83,0),(2728,' ',1534,780,25,25,50,83,0),(2729,' ',962,104,25,25,50,83,0),(2730,' ',598,182,25,25,50,83,0),(2731,' ',1794,208,25,25,50,83,0),(2732,' ',1456,572,25,25,50,83,0),(2733,' ',156,286,25,25,50,83,0),(2734,' ',806,494,25,25,50,83,0),(2735,' ',1898,702,25,25,50,83,0),(2736,' ',52,234,25,25,50,83,0),(2737,' ',754,494,25,25,50,83,0),(2738,' ',312,468,25,25,50,83,0),(2739,' ',962,546,25,25,50,83,0),(2740,' ',1924,390,25,25,50,83,0),(2741,' ',1898,832,25,25,50,83,0),(2742,' ',1196,78,25,25,50,83,0),(2743,' ',1690,104,25,25,50,83,0),(2744,' ',728,806,25,25,50,83,0),(2745,' ',130,832,25,25,50,83,0),(2746,' ',858,364,25,25,50,83,0),(2747,' ',572,624,25,25,50,83,0),(2748,' ',702,390,25,25,50,83,0),(2749,' ',1534,182,25,25,50,83,0),(2750,' ',1274,572,25,25,50,83,0),(2751,' ',1170,520,25,25,50,83,0),(2752,' ',546,416,25,25,50,83,0),(2753,' ',1898,338,25,25,50,83,0),(2754,' ',312,260,25,25,50,83,0),(2755,' ',1118,754,25,25,50,83,0),(2756,' ',988,208,25,25,50,83,0),(2757,' ',1924,624,25,25,50,84,0),(2758,' ',1014,624,25,25,50,84,0),(2759,' ',1118,520,25,25,50,84,0),(2760,' ',442,806,25,25,50,84,0),(2761,' ',598,676,25,25,50,84,0),(2762,' ',1248,468,25,25,50,84,0),(2763,' ',52,832,25,25,50,84,0),(2764,' ',442,390,25,25,50,84,0),(2765,' ',1768,312,25,25,50,84,0),(2766,' ',1768,442,25,25,50,84,0),(2767,' ',442,702,25,25,50,84,0),(2768,' ',208,286,25,25,50,84,0),(2769,' ',26,416,25,25,50,84,0),(2770,' ',1508,78,25,25,50,84,0),(2771,' ',988,390,25,25,50,84,0),(2772,' ',130,728,25,25,50,84,0),(2773,' ',1638,156,25,25,50,84,0),(2774,' ',910,754,25,25,50,84,0),(2775,' ',650,390,25,25,50,84,0),(2776,' ',676,702,25,25,50,84,0),(2777,' ',1430,182,25,25,50,88,0),(2778,' ',520,832,25,25,50,88,0),(2779,' ',1144,286,25,25,50,88,0),(2780,' ',1690,676,25,25,50,88,0),(2781,' ',598,754,25,25,50,88,0),(2782,' ',1846,130,25,25,50,88,0),(2783,' ',988,910,25,25,50,88,0),(2784,' ',312,208,25,25,50,88,0),(2785,' ',1014,806,25,25,50,88,0),(2786,' ',1170,572,25,25,50,88,0),(2787,' ',312,780,25,25,50,88,0),(2788,' ',1170,364,25,25,50,88,0),(2789,' ',364,52,25,25,50,88,0),(2790,' ',364,130,25,25,50,88,0),(2791,' ',1508,208,25,25,50,88,0),(2792,' ',1898,26,25,25,50,88,0),(2793,' ',546,858,25,25,50,88,0),(2794,' ',1534,780,25,25,50,88,0),(2795,' ',962,104,25,25,50,88,0),(2796,' ',598,182,25,25,50,88,0),(2797,' ',1794,208,25,25,50,88,0),(2798,' ',1716,130,25,25,50,88,0),(2799,' ',260,208,25,25,50,88,0),(2800,' ',1898,702,25,25,50,88,0),(2801,' ',52,234,25,25,50,88,0),(2802,' ',754,494,25,25,50,88,0),(2803,' ',312,468,25,25,50,88,0),(2804,' ',962,546,25,25,50,88,0),(2805,' ',1924,390,25,25,50,88,0),(2806,' ',1898,832,25,25,50,88,0),(2807,' ',1196,78,25,25,50,88,0),(2808,' ',1274,780,25,25,50,88,0),(2809,' ',1820,572,25,25,50,88,0),(2810,' ',442,806,25,25,50,88,0),(2811,' ',572,624,25,25,50,88,0),(2812,' ',702,390,25,25,50,88,0),(2813,' ',1534,182,25,25,50,88,0),(2814,' ',1274,572,25,25,50,88,0),(2815,' ',1170,520,25,25,50,88,0),(2816,' ',546,416,25,25,50,88,0),(2817,' ',1898,338,25,25,50,88,0),(2818,' ',312,260,25,25,50,88,0),(2819,' ',1118,754,25,25,50,88,0),(2820,' ',988,208,25,25,50,88,0),(2821,' ',442,702,25,25,50,88,0),(2822,' ',208,286,25,25,50,88,0),(2823,' ',26,416,25,25,50,88,0),(2824,' ',1508,78,25,25,50,88,0),(2825,' ',988,390,25,25,50,88,0),(2826,' ',130,728,25,25,50,88,0),(2827,' ',858,546,25,25,50,92,0),(2828,' ',858,650,25,25,50,92,0),(2829,' ',546,26,25,25,50,92,0),(2830,' ',338,832,25,25,50,92,0),(2831,' ',520,832,25,25,50,92,0),(2832,' ',1144,286,25,25,50,92,0),(2833,' ',1690,676,25,25,50,92,0),(2834,' ',598,754,25,25,50,92,0),(2835,' ',1846,130,25,25,50,92,0),(2836,' ',988,910,25,25,50,92,0),(2837,' ',312,208,25,25,50,92,0),(2838,' ',1014,806,25,25,50,92,0),(2839,' ',1170,572,25,25,50,92,0),(2840,' ',312,780,25,25,50,92,0),(2841,' ',1170,364,25,25,50,92,0),(2842,' ',1560,832,25,25,50,92,0),(2843,' ',1300,52,25,25,50,92,0),(2844,' ',364,130,25,25,50,92,0),(2845,' ',1508,208,25,25,50,92,0),(2846,' ',1898,26,25,25,50,92,0),(2847,' ',546,858,25,25,50,92,0),(2848,' ',1534,780,25,25,50,92,0),(2849,' ',962,104,25,25,50,92,0),(2850,' ',598,182,25,25,50,92,0),(2851,' ',1794,208,25,25,50,92,0),(2852,' ',1456,572,25,25,50,92,0),(2853,' ',156,286,25,25,50,92,0),(2854,' ',806,494,25,25,50,92,0),(2855,' ',1898,702,25,25,50,92,0),(2856,' ',52,234,25,25,50,92,0),(2857,' ',754,494,25,25,50,92,0),(2858,' ',312,468,25,25,50,92,0),(2859,' ',962,546,25,25,50,92,0),(2860,' ',1924,390,25,25,50,92,0),(2861,' ',1898,832,25,25,50,92,0),(2862,' ',1196,78,25,25,50,92,0),(2863,' ',1690,104,25,25,50,92,0),(2864,' ',728,806,25,25,50,92,0),(2865,' ',130,832,25,25,50,92,0),(2866,' ',858,364,25,25,50,92,0),(2867,' ',572,624,25,25,50,92,0),(2868,' ',702,390,25,25,50,92,0),(2869,' ',1534,182,25,25,50,92,0),(2870,' ',1274,572,25,25,50,92,0),(2871,' ',1170,520,25,25,50,92,0),(2872,' ',546,416,25,25,50,92,0),(2873,' ',1898,338,25,25,50,92,0),(2874,' ',312,260,25,25,50,92,0),(2875,' ',1118,754,25,25,50,92,0),(2876,' ',988,208,25,25,50,92,0),(2877,' ',442,702,25,25,50,92,0),(2878,' ',208,286,25,25,50,92,0),(2879,' ',26,416,25,25,50,92,0),(2880,' ',1508,78,25,25,50,92,0),(2881,' ',988,390,25,25,50,92,0),(2882,' ',130,728,25,25,50,92,0),(2883,' ',1638,156,25,25,50,92,0),(2884,' ',910,754,25,25,50,92,0),(2885,' ',650,390,25,25,50,92,0),(2886,' ',676,702,25,25,50,92,0),(2887,' ',650,312,25,25,50,92,0),(2888,' ',78,650,25,25,50,92,0),(2889,' ',1274,910,25,25,50,92,0),(2890,' ',468,182,25,25,50,92,0),(2891,' ',910,208,25,25,50,92,0),(2892,' ',52,884,25,25,50,92,0),(2893,' ',1768,494,25,25,50,92,0),(2894,' ',1300,130,25,25,50,92,0),(2895,' ',1560,182,25,25,50,92,0),(2896,' ',1482,676,25,25,50,92,0),(2897,' ',1144,182,25,25,50,92,0),(2898,' ',1846,858,25,25,50,92,0),(2899,' ',1768,858,25,25,50,92,0),(2900,' ',520,234,25,25,50,92,0),(2901,' ',1664,468,25,25,50,92,0),(2902,' ',1378,52,25,25,50,92,0),(2903,' ',1274,598,25,25,50,92,0),(2904,' ',1898,416,25,25,50,92,0),(2905,' ',624,338,25,25,50,92,0),(2906,' ',1794,390,25,25,50,92,0),(2907,' ',1404,728,25,25,50,92,0),(2908,' ',1794,338,25,25,50,92,0),(2909,' ',1924,676,25,25,50,92,0),(2910,' ',1716,390,25,25,50,92,0),(2911,' ',1144,806,25,25,50,92,0),(2912,' ',130,468,25,25,50,92,0),(2913,' ',910,104,25,25,50,92,0),(2914,' ',598,52,25,25,50,92,0),(2915,' ',858,832,25,25,50,92,0),(2916,' ',780,598,25,25,50,92,0),(2917,' ',1066,676,25,25,50,92,0),(2918,' ',962,234,25,25,50,92,0),(2919,' ',390,676,25,25,50,92,0),(2920,' ',1534,442,25,25,50,92,0),(2921,' ',1690,208,25,25,50,92,0),(2922,' ',1144,78,25,25,50,92,0),(2923,' ',884,442,25,25,50,92,0),(2924,' ',1040,286,25,25,50,92,0),(2925,' ',1716,260,25,25,50,92,0),(2926,' ',26,754,25,25,50,92,0),(2927,' ',858,546,25,25,50,97,NULL),(2928,' ',858,650,25,25,50,97,NULL),(2929,' ',546,26,25,25,50,97,NULL),(2930,' ',338,832,25,25,50,97,NULL),(2931,' ',520,832,25,25,50,97,NULL),(2932,' ',1144,286,25,25,50,97,NULL),(2933,' ',1690,676,25,25,50,97,NULL),(2934,' ',598,754,25,25,50,97,NULL),(2935,' ',1846,130,25,25,50,97,NULL),(2936,' ',988,910,25,25,50,97,NULL),(2937,' ',312,208,25,25,50,97,NULL),(2938,' ',1014,806,25,25,50,97,NULL),(2939,' ',1170,572,25,25,50,97,NULL),(2940,' ',312,780,25,25,50,97,NULL),(2941,' ',1170,364,25,25,50,97,NULL),(2942,' ',1560,832,25,25,50,97,NULL),(2943,' ',1300,52,25,25,50,97,NULL),(2944,' ',364,130,25,25,50,97,NULL),(2945,' ',1508,208,25,25,50,97,NULL),(2946,' ',1898,26,25,25,50,97,NULL),(2947,' ',546,858,25,25,50,97,NULL),(2948,' ',1534,780,25,25,50,97,NULL),(2949,' ',962,104,25,25,50,97,NULL),(2950,' ',598,182,25,25,50,97,NULL),(2951,' ',1794,208,25,25,50,97,NULL),(2952,' ',1456,572,25,25,50,97,NULL),(2953,' ',156,286,25,25,50,97,NULL),(2954,' ',806,494,25,25,50,97,NULL),(2955,' ',1898,702,25,25,50,97,NULL),(2956,' ',52,234,25,25,50,97,NULL),(2957,' ',754,494,25,25,50,97,NULL),(2958,' ',312,468,25,25,50,97,NULL),(2959,' ',962,546,25,25,50,97,NULL),(2960,' ',1924,390,25,25,50,97,NULL),(2961,' ',1898,832,25,25,50,97,NULL),(2962,' ',1196,78,25,25,50,97,NULL),(2963,' ',1690,104,25,25,50,97,NULL),(2964,' ',728,806,25,25,50,97,NULL),(2965,' ',130,832,25,25,50,97,NULL),(2966,' ',858,364,25,25,50,97,NULL),(2967,' ',572,624,25,25,50,97,NULL),(2968,' ',702,390,25,25,50,97,NULL),(2969,' ',1534,182,25,25,50,97,NULL),(2970,' ',1274,572,25,25,50,97,NULL),(2971,' ',1170,520,25,25,50,97,NULL),(2972,' ',546,416,25,25,50,97,NULL),(2973,' ',1898,338,25,25,50,97,NULL),(2974,' ',312,260,25,25,50,97,NULL),(2975,' ',1118,754,25,25,50,97,NULL),(2976,' ',988,208,25,25,50,97,NULL),(2977,' ',442,702,25,25,50,97,NULL),(2978,' ',208,286,25,25,50,97,NULL),(2979,' ',26,416,25,25,50,97,NULL),(2980,' ',1508,78,25,25,50,97,NULL),(2981,' ',988,390,25,25,50,97,NULL),(2982,' ',130,728,25,25,50,97,NULL),(2983,' ',1638,156,25,25,50,97,NULL),(2984,' ',910,754,25,25,50,97,NULL),(2985,' ',650,390,25,25,50,97,NULL),(2986,' ',676,702,25,25,50,97,NULL),(2987,' ',650,312,25,25,50,97,NULL),(2988,' ',78,650,25,25,50,97,NULL),(2989,' ',1274,910,25,25,50,97,NULL),(2990,' ',468,182,25,25,50,97,NULL),(2991,' ',910,208,25,25,50,97,NULL),(2992,' ',52,884,25,25,50,97,NULL),(2993,' ',1768,494,25,25,50,97,NULL),(2994,' ',1300,130,25,25,50,97,NULL),(2995,' ',1560,182,25,25,50,97,NULL),(2996,' ',1482,676,25,25,50,97,NULL),(2997,' ',1144,182,25,25,50,97,NULL),(2998,' ',1846,858,25,25,50,97,NULL),(2999,' ',1768,858,25,25,50,97,NULL),(3000,' ',520,234,25,25,50,97,NULL),(3001,' ',1664,468,25,25,50,97,NULL),(3002,' ',1378,52,25,25,50,97,NULL),(3003,' ',1274,598,25,25,50,97,NULL),(3004,' ',1898,416,25,25,50,97,NULL),(3005,' ',624,338,25,25,50,97,NULL),(3006,' ',1794,390,25,25,50,97,NULL),(3007,' ',1404,728,25,25,50,97,NULL),(3008,' ',1794,338,25,25,50,97,NULL),(3009,' ',1924,676,25,25,50,97,NULL),(3010,' ',1716,390,25,25,50,97,NULL),(3011,' ',1144,806,25,25,50,97,NULL),(3012,' ',130,468,25,25,50,97,NULL),(3013,' ',910,104,25,25,50,97,NULL),(3014,' ',598,52,25,25,50,97,NULL),(3015,' ',858,832,25,25,50,97,NULL),(3016,' ',780,598,25,25,50,97,NULL),(3017,' ',1066,676,25,25,50,97,NULL),(3018,' ',962,234,25,25,50,97,NULL),(3019,' ',390,676,25,25,50,97,NULL),(3020,' ',1534,442,25,25,50,97,NULL),(3021,' ',1690,208,25,25,50,97,NULL),(3022,' ',1144,78,25,25,50,97,NULL),(3023,' ',884,442,25,25,50,97,NULL),(3024,' ',1040,286,25,25,50,97,NULL),(3025,' ',1716,260,25,25,50,97,NULL),(3026,' ',26,754,25,25,50,97,NULL),(3327,' ',1378,156,25,25,50,104,NULL),(3328,' ',390,624,25,25,50,104,NULL),(3329,' ',1456,832,25,25,50,104,NULL),(3330,' ',468,286,25,25,50,104,NULL),(3331,' ',572,104,25,25,50,104,NULL),(3332,' ',1222,884,25,25,50,104,NULL),(3333,' ',1586,832,25,25,50,104,NULL),(3334,' ',1924,728,25,25,50,104,NULL),(3335,' ',1716,832,25,25,50,104,NULL),(3336,' ',1352,208,25,25,50,104,NULL),(3337,' ',416,156,25,25,50,104,NULL),(3338,' ',1404,598,25,25,50,104,NULL),(3339,' ',1508,624,25,25,50,104,NULL),(3340,' ',442,364,25,25,50,104,NULL),(3341,' ',1768,728,25,25,50,104,NULL),(3342,' ',208,26,25,25,50,104,NULL),(3343,' ',1456,598,25,25,50,104,NULL),(3344,' ',702,468,25,25,50,104,NULL),(3345,' ',1092,572,25,25,50,104,NULL),(3346,' ',1534,338,25,25,50,104,NULL),(3347,' ',338,286,25,25,50,104,NULL),(3348,' ',1040,338,25,25,50,104,NULL),(3349,' ',832,494,25,25,50,104,NULL),(3350,' ',1768,130,25,25,50,104,NULL),(3351,' ',1274,442,25,25,50,104,NULL),(3352,' ',1014,858,25,25,50,104,NULL),(3353,' ',1170,910,25,25,50,104,NULL),(3354,' ',26,624,25,25,50,104,NULL),(3355,' ',416,312,25,25,50,104,NULL),(3356,' ',104,546,25,25,50,104,NULL),(3357,' ',1300,260,25,25,50,104,NULL),(3358,' ',780,858,25,25,50,104,NULL),(3359,' ',1274,390,25,25,50,104,NULL),(3360,' ',182,52,25,25,50,104,NULL),(3361,' ',1404,78,25,25,50,104,NULL),(3362,' ',26,676,25,25,50,104,NULL),(3363,' ',364,832,25,25,50,104,NULL),(3364,' ',1144,26,25,25,50,104,NULL),(3365,' ',598,260,25,25,50,104,NULL),(3366,' ',1118,338,25,25,50,104,NULL),(3367,' ',468,910,25,25,50,104,NULL),(3368,' ',1300,442,25,25,50,104,NULL),(3369,' ',910,468,25,25,50,104,NULL),(3370,' ',1846,728,25,25,50,104,NULL),(3371,' ',104,156,25,25,50,104,NULL),(3372,' ',624,884,25,25,50,104,NULL),(3373,' ',1196,26,25,25,50,104,NULL),(3374,' ',598,702,25,25,50,104,NULL),(3375,' ',1300,286,25,25,50,104,NULL),(3376,' ',1404,650,25,25,50,104,NULL),(3377,' ',1872,572,25,25,50,104,NULL),(3378,' ',52,910,25,25,50,104,NULL),(3379,' ',1612,312,25,25,50,104,NULL),(3380,' ',676,52,25,25,50,104,NULL),(3381,' ',780,910,25,25,50,104,NULL),(3382,' ',1820,468,25,25,50,104,NULL),(3383,' ',1014,624,25,25,50,104,NULL),(3384,' ',1820,364,25,25,50,104,NULL),(3385,' ',702,676,25,25,50,104,NULL),(3386,' ',780,364,25,25,50,104,NULL),(3387,' ',858,494,25,25,50,104,NULL),(3388,' ',1430,702,25,25,50,104,NULL),(3389,' ',520,364,25,25,50,104,NULL),(3390,' ',234,442,25,25,50,104,NULL),(3391,' ',520,130,25,25,50,104,NULL),(3392,' ',1456,104,25,25,50,104,NULL),(3393,' ',286,494,25,25,50,104,NULL),(3394,' ',78,806,25,25,50,104,NULL),(3395,' ',1612,234,25,25,50,104,NULL),(3396,' ',1456,520,25,25,50,104,NULL),(3397,' ',208,520,25,25,50,104,NULL),(3398,' ',754,182,25,25,50,104,NULL),(3399,' ',572,650,25,25,50,104,NULL),(3400,' ',1612,832,25,25,50,104,NULL),(3401,' ',338,338,25,25,50,104,NULL),(3402,' ',1924,130,25,25,50,104,NULL),(3403,' ',1586,260,25,25,50,104,NULL),(3404,' ',312,702,25,25,50,104,NULL),(3405,' ',494,676,25,25,50,104,NULL),(3406,' ',884,858,25,25,50,104,NULL),(3407,' ',286,130,25,25,50,104,NULL),(3408,' ',910,52,25,25,50,104,NULL),(3409,' ',910,624,25,25,50,104,NULL),(3410,' ',234,806,25,25,50,104,NULL),(3411,' ',1950,364,25,25,50,104,NULL),(3412,' ',1118,494,25,25,50,104,NULL),(3413,' ',1508,26,25,25,50,104,NULL),(3414,' ',416,260,25,25,50,104,NULL),(3415,' ',1456,442,25,25,50,104,NULL),(3416,' ',104,780,25,25,50,104,NULL),(3417,' ',936,364,25,25,50,104,NULL),(3418,' ',1040,806,25,25,50,104,NULL),(3419,' ',1560,650,25,25,50,104,NULL),(3420,' ',1404,208,25,25,50,104,NULL),(3421,' ',1794,26,25,25,50,104,NULL),(3422,' ',52,546,25,25,50,104,NULL),(3423,' ',1144,312,25,25,50,104,NULL),(3424,' ',702,598,25,25,50,104,NULL),(3425,' ',1924,156,25,25,50,104,NULL),(3426,' ',1066,390,25,25,50,104,NULL),(3432,' ',1196,312,25,25,0,108,NULL),(3433,' ',338,650,25,25,0,108,NULL),(3434,' ',1508,286,25,25,0,108,NULL),(3435,' ',26,728,25,25,0,108,NULL),(3436,' ',1690,468,25,25,0,108,NULL),(3437,' ',442,130,25,25,0,108,NULL),(3438,' ',104,598,25,25,0,108,NULL),(3439,' ',858,780,25,25,0,108,NULL),(3440,' ',1092,546,25,25,0,108,NULL),(3441,' ',1794,208,25,25,0,108,NULL),(3442,' ',1014,728,25,25,0,108,NULL),(3443,' ',1066,676,25,25,0,108,NULL),(3444,' ',78,260,25,25,0,108,NULL),(3445,' ',806,572,25,25,0,108,NULL),(3446,' ',182,494,25,25,0,108,NULL),(3447,' ',1612,910,25,25,0,108,NULL),(3448,' ',1586,78,25,25,0,108,NULL),(3449,' ',1534,806,25,25,0,108,NULL),(3450,' ',468,858,25,25,0,108,NULL),(3451,' ',832,520,25,25,0,108,NULL),(3452,' ',572,182,25,25,0,108,NULL),(3453,' ',910,572,25,25,0,108,NULL),(3454,' ',1820,702,25,25,0,108,NULL),(3455,' ',1404,520,25,25,0,108,NULL),(3456,' ',858,156,25,25,0,108,NULL),(3457,' ',1508,650,25,25,0,108,NULL),(3458,' ',26,182,25,25,0,108,NULL),(3459,' ',520,312,25,25,0,108,NULL),(3460,' ',1170,130,25,25,0,108,NULL),(3461,' ',286,754,25,25,0,108,NULL),(3462,' ',780,624,25,25,0,108,NULL),(3463,' ',650,676,25,25,0,108,NULL),(3464,' ',832,416,25,25,0,108,NULL),(3465,' ',78,312,25,25,0,108,NULL),(3466,' ',728,624,25,25,0,108,NULL),(3467,' ',442,624,25,25,0,108,NULL),(3468,' ',338,130,25,25,0,108,NULL),(3469,' ',546,416,25,25,0,108,NULL),(3470,' ',338,442,25,25,0,108,NULL),(3471,' ',390,910,25,25,0,108,NULL),(3472,' ',1404,182,25,25,0,108,NULL),(3473,' ',598,390,25,25,0,108,NULL),(3474,' ',962,910,25,25,0,108,NULL),(3475,' ',1482,416,25,25,0,108,NULL),(3476,' ',208,884,25,25,0,108,NULL),(3477,' ',806,806,25,25,0,108,NULL),(3478,' ',1508,130,25,25,0,108,NULL),(3479,' ',650,780,25,25,0,108,NULL),(3480,' ',1690,52,25,25,0,108,NULL),(3481,' ',260,416,25,25,0,108,NULL),(3482,' ',1326,182,25,25,0,108,NULL),(3483,' ',1170,156,25,25,0,108,NULL),(3484,' ',78,650,25,25,0,108,NULL),(3485,' ',130,520,25,25,0,108,NULL),(3486,' ',1638,754,25,25,0,108,NULL),(3487,' ',520,572,25,25,0,108,NULL),(3488,' ',26,494,25,25,0,108,NULL),(3489,' ',130,286,25,25,0,108,NULL),(3490,' ',1534,754,25,25,0,108,NULL),(3491,' ',1534,546,25,25,0,108,NULL),(3492,' ',1300,78,25,25,0,108,NULL),(3493,' ',1560,468,25,25,0,108,NULL),(3494,' ',1300,676,25,25,0,108,NULL),(3495,' ',1794,442,25,25,0,108,NULL),(3496,' ',208,832,25,25,0,108,NULL),(3497,' ',1300,806,25,25,0,108,NULL),(3498,' ',572,754,25,25,0,108,NULL),(3499,' ',1326,676,25,25,0,108,NULL),(3500,' ',1534,832,25,25,0,108,NULL),(3501,' ',1794,338,25,25,0,108,NULL),(3502,' ',104,338,25,25,0,108,NULL),(3503,' ',598,156,25,25,0,108,NULL),(3504,' ',1534,338,25,25,0,108,NULL),(3505,' ',1222,832,25,25,0,108,NULL),(3506,' ',442,520,25,25,0,108,NULL),(3507,' ',1456,468,25,25,0,108,NULL),(3508,' ',1560,624,25,25,0,108,NULL),(3509,' ',1378,364,25,25,0,108,NULL),(3510,' ',1872,676,25,25,0,108,NULL),(3511,' ',338,182,25,25,0,108,NULL),(3512,' ',962,520,25,25,0,108,NULL),(3513,' ',1820,546,25,25,0,108,NULL),(3514,' ',1456,832,25,25,0,108,NULL),(3515,' ',468,286,25,25,0,108,NULL),(3516,' ',572,104,25,25,0,108,NULL),(3517,' ',416,416,25,25,0,108,NULL),(3518,' ',1638,702,25,25,0,108,NULL),(3519,' ',1586,832,25,25,0,108,NULL),(3520,' ',234,286,25,25,0,108,NULL),(3521,' ',806,624,25,25,0,108,NULL),(3522,' ',1118,260,25,25,0,108,NULL),(3523,' ',1352,208,25,25,0,108,NULL),(3524,' ',728,364,25,25,0,108,NULL),(3525,' ',156,780,25,25,0,108,NULL),(3526,' ',1508,156,25,25,0,108,NULL),(3527,' ',1404,676,25,25,0,108,NULL),(3528,' ',1768,728,25,25,0,108,NULL),(3529,' ',208,26,25,25,0,108,NULL),(3530,' ',1456,598,25,25,0,108,NULL),(3531,' ',1040,468,25,25,0,108,NULL),(3532,' ',1482,884,25,25,0,108,NULL),(3533,' ',650,546,25,25,0,108,NULL),(3534,' ',1040,338,25,25,0,108,NULL),(3535,' ',1508,208,25,25,0,108,NULL),(3536,' ',1040,78,25,25,0,108,NULL),(3537,' ',1768,130,25,25,0,108,NULL),(3538,' ',1274,442,25,25,0,108,NULL),(3539,' ',52,182,25,25,0,108,NULL),(3540,' ',390,104,25,25,0,108,NULL),(3541,' ',936,572,25,25,0,108,NULL),(3542,' ',104,130,25,25,0,108,NULL),(3543,' ',858,546,25,25,0,108,NULL),(3544,' ',546,910,25,25,0,108,NULL),(3545,' ',598,520,25,25,0,108,NULL),(3546,' ',468,910,25,25,0,108,NULL),(3547,' ',1742,858,25,25,0,108,NULL),(3548,' ',1170,520,25,25,0,108,NULL),(3549,' ',988,416,25,25,0,108,NULL),(3550,' ',962,338,25,25,0,108,NULL),(3551,' ',182,52,25,25,0,108,NULL),(3552,' ',1404,78,25,25,0,108,NULL),(3553,' ',1560,312,25,25,0,108,NULL),(3554,' ',1170,780,25,25,0,108,NULL),(3555,' ',182,624,25,25,0,108,NULL),(3556,' ',260,104,25,25,0,108,NULL),(3557,' ',1300,442,25,25,0,108,NULL),(3558,' ',676,260,25,25,0,108,NULL),(3559,' ',1248,78,25,25,0,108,NULL),(3560,' ',1872,338,25,25,0,108,NULL),(3561,' ',806,676,25,25,0,108,NULL),(3562,' ',1872,78,25,25,0,108,NULL),(3563,' ',624,884,25,25,0,108,NULL),(3564,' ',1196,26,25,25,0,108,NULL),(3565,' ',988,156,25,25,0,108,NULL),(3566,' ',1274,130,25,25,0,108,NULL),(3567,' ',104,728,25,25,0,108,NULL),(3568,' ',962,676,25,25,0,108,NULL),(3569,' ',936,182,25,25,0,108,NULL),(3570,' ',182,78,25,25,0,108,NULL),(3571,' ',1612,312,25,25,0,108,NULL),(3572,' ',676,52,25,25,0,108,NULL),(3573,' ',780,910,25,25,0,108,NULL),(3574,' ',1820,468,25,25,0,108,NULL),(3575,' ',1014,624,25,25,0,108,NULL),(3576,' ',1820,364,25,25,0,108,NULL),(3577,' ',702,676,25,25,0,108,NULL),(3578,' ',780,364,25,25,0,108,NULL),(3579,' ',858,494,25,25,0,108,NULL),(3580,' ',1612,390,25,25,0,108,NULL),(3581,' ',1014,26,25,25,0,108,NULL),(3582,' ',520,364,25,25,0,108,NULL),(3583,' ',234,442,25,25,0,108,NULL),(3584,' ',754,572,25,25,0,108,NULL),(3585,' ',104,650,25,25,0,108,NULL),(3586,' ',1456,104,25,25,0,108,NULL),(3587,' ',286,494,25,25,0,108,NULL),(3588,' ',78,806,25,25,0,108,NULL),(3589,' ',1612,234,25,25,0,108,NULL),(3590,' ',1092,130,25,25,0,108,NULL),(3591,' ',1820,832,25,25,0,108,NULL),(3592,' ',208,520,25,25,0,108,NULL),(3593,' ',754,182,25,25,0,108,NULL),(3594,' ',572,650,25,25,0,108,NULL),(3595,' ',1612,832,25,25,0,108,NULL),(3596,' ',338,338,25,25,0,108,NULL),(3597,' ',1092,338,25,25,0,108,NULL),(3598,' ',1612,624,25,25,0,108,NULL),(3599,' ',468,754,25,25,0,108,NULL),(3600,' ',1924,234,25,25,0,108,NULL),(3601,' ',884,858,25,25,0,108,NULL),(3602,' ',286,130,25,25,0,108,NULL),(3603,' ',910,52,25,25,0,108,NULL),(3604,' ',910,624,25,25,0,108,NULL),(3605,' ',1170,390,25,25,0,108,NULL),(3606,' ',390,650,25,25,0,108,NULL),(3607,' ',1950,364,25,25,0,108,NULL),(3608,' ',1118,494,25,25,0,108,NULL),(3609,' ',780,390,25,25,0,108,NULL),(3610,' ',1586,442,25,25,0,108,NULL),(3611,' ',1170,858,25,25,0,108,NULL),(3612,' ',1820,182,25,25,0,108,NULL),(3613,' ',416,78,25,25,0,108,NULL),(3614,' ',806,468,25,25,0,108,NULL),(3615,' ',858,78,25,25,0,108,NULL),(3616,' ',442,468,25,25,0,108,NULL),(3617,' ',1560,650,25,25,0,108,NULL),(3618,' ',1066,468,25,25,0,108,NULL),(3619,' ',754,208,25,25,0,108,NULL),(3620,' ',1014,910,25,25,0,108,NULL),(3621,' ',1326,338,25,25,0,108,NULL),(3622,' ',1040,624,25,25,0,108,NULL),(3623,' ',1326,494,25,25,0,108,NULL),(3624,' ',1118,182,25,25,0,108,NULL),(3625,' ',130,572,25,25,0,108,NULL),(3626,' ',182,260,25,25,0,108,NULL),(3627,' ',1352,78,25,25,0,108,NULL),(3628,' ',1638,806,25,25,0,108,NULL),(3629,' ',1430,546,25,25,0,108,NULL),(3630,' ',1222,364,25,25,0,108,NULL),(3631,' ',468,442,25,25,0,108,NULL),(3632,' ',1638,260,25,25,0,108,NULL),(3633,' ',338,702,25,25,0,108,NULL),(3634,' ',1950,156,25,25,0,108,NULL),(3635,' ',234,26,25,25,0,108,NULL),(3636,' ',1586,728,25,25,0,108,NULL),(3637,' ',1274,624,25,25,0,108,NULL),(3638,' ',780,78,25,25,0,108,NULL),(3639,' ',1872,546,25,25,0,108,NULL),(3640,' ',1794,884,25,25,0,108,NULL),(3641,' ',1352,702,25,25,0,108,NULL),(3642,' ',364,312,25,25,0,108,NULL),(3643,' ',364,26,25,25,0,108,NULL),(3644,' ',1716,598,25,25,0,108,NULL),(3645,' ',1898,676,25,25,0,108,NULL),(3646,' ',650,858,25,25,0,108,NULL),(3647,' ',156,728,25,25,0,108,NULL),(3648,' ',1690,910,25,25,0,108,NULL),(3649,' ',1482,442,25,25,0,108,NULL),(3650,' ',728,728,25,25,0,108,NULL),(3651,' ',1872,286,25,25,0,108,NULL),(3652,' ',1014,234,25,25,0,108,NULL),(3653,' ',884,702,25,25,0,108,NULL),(3654,' ',1482,910,25,25,0,108,NULL),(3655,' ',1300,884,25,25,0,108,NULL),(3656,' ',182,364,25,25,0,108,NULL),(3657,' ',390,572,25,25,0,108,NULL),(3658,' ',1222,520,25,25,0,108,NULL),(3659,' ',1742,546,25,25,0,108,NULL),(3660,' ',1352,286,25,25,0,108,NULL),(3661,' ',546,546,25,25,0,108,NULL),(3662,' ',520,208,25,25,0,108,NULL),(3663,' ',1092,26,25,25,0,108,NULL),(3664,' ',1768,286,25,25,0,108,NULL),(3665,' ',1014,832,25,25,0,108,NULL),(3666,' ',26,598,25,25,0,108,NULL),(3667,' ',1872,234,25,25,0,108,NULL),(3668,' ',1326,858,25,25,0,108,NULL),(3669,' ',1872,364,25,25,0,108,NULL),(3670,' ',130,676,25,25,0,108,NULL),(3671,' ',1144,312,25,25,0,108,NULL),(3672,' ',1300,728,25,25,0,108,NULL),(3673,' ',884,780,25,25,0,108,NULL),(3674,' ',1612,494,25,25,0,108,NULL),(3675,' ',1014,650,25,25,0,108,NULL),(3676,' ',1274,546,25,25,0,108,NULL),(3677,' ',286,702,25,25,0,108,NULL),(3678,' ',520,156,25,25,0,108,NULL),(3679,' ',1820,234,25,25,0,108,NULL),(3680,' ',884,520,25,25,0,108,NULL),(3681,' ',1352,26,25,25,0,108,NULL),(3682,' ',1248,234,25,25,0,108,NULL),(3683,' ',234,234,25,25,0,108,NULL),(3684,' ',390,338,25,25,0,108,NULL),(3685,' ',1014,260,25,25,0,108,NULL),(3686,' ',1040,104,25,25,0,108,NULL),(3687,' ',858,910,25,25,0,108,NULL),(3688,' ',1820,390,25,25,0,108,NULL),(3689,' ',1144,676,25,25,0,108,NULL),(3690,' ',286,442,25,25,0,108,NULL),(3691,' ',52,832,25,25,0,108,NULL),(3692,' ',1430,364,25,25,0,108,NULL),(3693,' ',1586,754,25,25,0,108,NULL),(3694,' ',1638,624,25,25,0,108,NULL),(3695,' ',104,26,25,25,0,108,NULL),(3696,' ',442,390,25,25,0,108,NULL),(3697,' ',182,910,25,25,0,108,NULL),(3698,' ',1352,650,25,25,0,108,NULL),(3699,' ',1534,78,25,25,0,108,NULL),(3700,' ',390,208,25,25,0,108,NULL),(3701,' ',312,780,25,25,0,108,NULL),(3702,' ',1690,312,25,25,0,108,NULL),(3703,' ',598,338,25,25,0,108,NULL),(3704,' ',156,130,25,25,0,108,NULL),(3705,' ',1898,416,25,25,0,108,NULL),(3706,' ',338,806,25,25,0,108,NULL),(3707,' ',1690,806,25,25,0,108,NULL),(3708,' ',182,390,25,25,0,108,NULL),(3709,' ',1690,416,25,25,0,108,NULL),(3710,' ',1274,572,25,25,0,108,NULL),(3711,' ',1430,286,25,25,0,108,NULL),(3712,' ',1144,468,25,25,0,108,NULL),(3713,' ',1092,676,25,25,0,108,NULL),(3714,' ',1170,624,25,25,0,108,NULL),(3715,' ',1716,130,25,25,0,108,NULL),(3716,' ',1456,260,25,25,0,108,NULL),(3717,' ',1846,182,25,25,0,108,NULL),(3718,' ',572,858,25,25,0,108,NULL),(3719,' ',1898,624,25,25,0,108,NULL),(3720,' ',520,78,25,25,0,108,NULL),(3721,' ',1716,468,25,25,0,108,NULL),(3722,' ',1690,182,25,25,0,108,NULL),(3723,' ',1404,754,25,25,0,108,NULL),(3724,' ',1638,52,25,25,0,108,NULL),(3725,' ',1742,52,25,25,0,108,NULL),(3726,' ',1872,468,25,25,0,108,NULL),(3727,' ',1248,832,25,25,0,108,NULL),(3728,' ',1066,494,25,25,0,108,NULL),(3729,' ',1404,832,25,25,0,108,NULL),(3730,' ',104,364,25,25,0,108,NULL),(3731,' ',1274,494,25,25,0,108,NULL),(3732,' ',598,130,25,25,0,115,NULL),(3733,' ',468,468,25,25,0,115,NULL),(3734,' ',1092,520,25,25,0,115,NULL),(3735,' ',468,624,25,25,0,115,NULL),(3736,' ',962,676,25,25,0,115,NULL),(3737,' ',1560,572,25,25,0,115,NULL),(3738,' ',286,910,25,25,0,115,NULL),(3739,' ',1118,208,25,25,0,115,NULL),(3740,' ',1092,78,25,25,0,115,NULL),(3741,' ',1456,702,25,25,0,115,NULL),(3742,' ',858,910,25,25,0,115,NULL),(3743,' ',754,520,25,25,0,115,NULL),(3744,' ',26,78,25,25,0,115,NULL),(3745,' ',546,676,25,25,0,115,NULL),(3746,' ',156,390,25,25,0,115,NULL),(3747,' ',364,520,25,25,0,115,NULL),(3748,' ',1014,676,25,25,0,115,NULL),(3749,' ',78,260,25,25,0,115,NULL),(3750,' ',312,858,25,25,0,115,NULL),(3751,' ',1638,884,25,25,0,115,NULL),(3752,' ',702,754,25,25,0,115,NULL),(3753,' ',182,702,25,25,0,115,NULL),(3754,' ',936,494,25,25,0,115,NULL),(3755,' ',26,442,25,25,0,115,NULL),(3756,' ',156,312,25,25,0,115,NULL),(3757,' ',546,156,25,25,0,115,NULL),(3758,' ',1716,286,25,25,0,115,NULL),(3759,' ',858,26,25,25,0,115,NULL),(3760,' ',1170,806,25,25,0,115,NULL),(3761,' ',1014,702,25,25,0,115,NULL),(3762,' ',1196,416,25,25,0,115,NULL),(3763,' ',390,104,25,25,0,115,NULL),(3764,' ',650,910,25,25,0,115,NULL),(3765,' ',1638,910,25,25,0,115,NULL),(3766,' ',780,286,25,25,0,115,NULL),(3767,' ',806,858,25,25,0,115,NULL),(3768,' ',312,624,25,25,0,115,NULL),(3769,' ',1742,624,25,25,0,115,NULL),(3770,' ',416,520,25,25,0,115,NULL),(3771,' ',260,520,25,25,0,115,NULL),(3772,' ',1586,650,25,25,0,115,NULL),(3773,' ',234,156,25,25,0,115,NULL),(3774,' ',364,858,25,25,0,115,NULL),(3775,' ',1404,806,25,25,0,115,NULL),(3776,' ',936,286,25,25,0,115,NULL),(3777,' ',1664,494,25,25,0,115,NULL),(3778,' ',520,494,25,25,0,115,NULL),(3779,' ',1196,728,25,25,0,115,NULL),(3780,' ',260,598,25,25,0,115,NULL),(3781,' ',1248,494,25,25,0,115,NULL),(3782,' ',1534,130,25,25,0,115,NULL),(3783,' ',676,520,25,25,0,115,NULL),(3784,' ',1716,884,25,25,0,115,NULL),(3785,' ',1924,832,25,25,0,115,NULL),(3786,' ',260,260,25,25,0,115,NULL),(3787,' ',1014,520,25,25,0,115,NULL),(3788,' ',728,728,25,25,0,115,NULL),(3789,' ',962,416,25,25,0,115,NULL),(3790,' ',624,26,25,25,0,115,NULL),(3791,' ',130,598,25,25,0,115,NULL),(3792,' ',390,806,25,25,0,115,NULL),(3793,' ',806,910,25,25,0,115,NULL),(3794,' ',1586,390,25,25,0,115,NULL),(3795,' ',208,624,25,25,0,115,NULL),(3796,' ',546,338,25,25,0,115,NULL),(3797,' ',1794,702,25,25,0,115,NULL),(3798,' ',1950,442,25,25,0,115,NULL),(3799,' ',832,156,25,25,0,115,NULL),(3800,' ',1950,780,25,25,0,115,NULL),(3801,' ',728,572,25,25,0,115,NULL),(3802,' ',104,676,25,25,0,115,NULL),(3803,' ',754,624,25,25,0,115,NULL),(3804,' ',1612,260,25,25,0,115,NULL),(3805,' ',1352,234,25,25,0,115,NULL),(3806,' ',676,416,25,25,0,115,NULL),(3807,' ',1274,312,25,25,0,115,NULL),(3808,' ',650,78,25,25,0,115,NULL),(3809,' ',130,780,25,25,0,115,NULL),(3810,' ',1716,312,25,25,0,115,NULL),(3811,' ',1196,156,25,25,0,115,NULL),(3812,' ',1170,676,25,25,0,115,NULL),(3813,' ',1352,676,25,25,0,115,NULL),(3814,' ',728,832,25,25,0,115,NULL),(3815,' ',182,234,25,25,0,115,NULL),(3816,' ',598,806,25,25,0,115,NULL),(3817,' ',728,78,25,25,0,115,NULL),(3818,' ',1300,182,25,25,0,115,NULL),(3819,' ',78,104,25,25,0,115,NULL),(3820,' ',182,312,25,25,0,115,NULL),(3821,' ',1170,104,25,25,0,115,NULL),(3822,' ',260,702,25,25,0,115,NULL),(3823,' ',1456,884,25,25,0,115,NULL),(3824,' ',806,390,25,25,0,115,NULL),(3825,' ',1040,572,25,25,0,115,NULL),(3826,' ',520,910,25,25,0,115,NULL),(3827,' ',1742,780,25,25,0,115,NULL),(3828,' ',1378,676,25,25,0,115,NULL),(3829,' ',1690,156,25,25,0,115,NULL),(3830,' ',1118,702,25,25,0,115,NULL),(3831,' ',208,858,25,25,0,115,NULL),(3832,' ',1586,728,25,25,0,116,NULL),(3833,' ',1820,546,25,25,0,116,NULL),(3834,' ',1560,494,25,25,0,116,NULL),(3835,' ',78,702,25,25,0,116,NULL),(3836,' ',1560,52,25,25,0,116,NULL),(3837,' ',650,156,25,25,0,116,NULL),(3838,' ',1586,104,25,25,0,116,NULL),(3839,' ',1430,910,25,25,0,116,NULL),(3840,' ',1586,182,25,25,0,116,NULL),(3841,' ',962,260,25,25,0,116,NULL),(3842,' ',728,364,25,25,0,116,NULL),(3843,' ',156,780,25,25,0,116,NULL),(3844,' ',260,364,25,25,0,116,NULL),(3845,' ',1638,520,25,25,0,116,NULL),(3846,' ',520,260,25,25,0,116,NULL),(3847,' ',1482,884,25,25,0,116,NULL),(3848,' ',650,546,25,25,0,116,NULL),(3849,' ',1456,130,25,25,0,116,NULL),(3850,' ',1326,884,25,25,0,116,NULL),(3851,' ',442,234,25,25,0,116,NULL),(3852,' ',52,182,25,25,0,116,NULL),(3853,' ',1300,390,25,25,0,116,NULL),(3854,' ',286,390,25,25,0,116,NULL),(3855,' ',988,130,25,25,0,116,NULL),(3856,' ',884,260,25,25,0,116,NULL),(3857,' ',546,910,25,25,0,116,NULL),(3858,' ',26,494,25,25,0,116,NULL),(3859,' ',52,312,25,25,0,116,NULL),(3860,' ',156,806,25,25,0,116,NULL),(3861,' ',936,754,25,25,0,116,NULL),(3862,' ',1222,312,25,25,0,116,NULL),(3863,' ',130,650,25,25,0,116,NULL),(3864,' ',1300,910,25,25,0,116,NULL),(3865,' ',1248,78,25,25,0,116,NULL),(3866,' ',1378,910,25,25,0,116,NULL),(3867,' ',806,676,25,25,0,116,NULL),(3868,' ',1872,78,25,25,0,116,NULL),(3869,' ',182,572,25,25,0,116,NULL),(3870,' ',1716,676,25,25,0,116,NULL),(3871,' ',1222,572,25,25,0,116,NULL),(3872,' ',1170,598,25,25,0,116,NULL),(3873,' ',936,182,25,25,0,116,NULL),(3874,' ',182,78,25,25,0,116,NULL),(3875,' ',702,182,25,25,0,116,NULL),(3876,' ',1586,676,25,25,0,116,NULL),(3877,' ',988,442,25,25,0,116,NULL),(3878,' ',1950,494,25,25,0,116,NULL),(3879,' ',390,546,25,25,0,116,NULL),(3880,' ',1066,338,25,25,0,116,NULL),(3881,' ',1196,494,25,25,0,116,NULL),(3882,' ',884,286,25,25,0,116,NULL),(3883,' ',1014,26,25,25,0,116,NULL),(3884,' ',884,494,25,25,0,116,NULL),(3885,' ',442,806,25,25,0,116,NULL),(3886,' ',1508,858,25,25,0,116,NULL),(3887,' ',1144,208,25,25,0,116,NULL),(3888,' ',182,130,25,25,0,116,NULL),(3889,' ',1794,598,25,25,0,116,NULL),(3890,' ',1482,260,25,25,0,116,NULL),(3891,' ',338,52,25,25,0,116,NULL),(3892,' ',1014,468,25,25,0,116,NULL),(3893,' ',1326,910,25,25,0,116,NULL),(3894,' ',1534,858,25,25,0,116,NULL),(3895,' ',234,832,25,25,0,116,NULL),(3896,' ',1690,910,25,25,0,116,NULL),(3897,' ',1352,468,25,25,0,116,NULL),(3898,' ',1612,624,25,25,0,116,NULL),(3899,' ',468,754,25,25,0,116,NULL),(3900,' ',1742,312,25,25,0,116,NULL),(3901,' ',832,858,25,25,0,116,NULL),(3902,' ',1898,442,25,25,0,116,NULL),(3903,' ',650,260,25,25,0,116,NULL),(3904,' ',1820,494,25,25,0,116,NULL),(3905,' ',78,442,25,25,0,116,NULL),(3906,' ',1794,130,25,25,0,116,NULL),(3907,' ',1144,390,25,25,0,116,NULL),(3908,' ',1170,858,25,25,0,116,NULL),(3909,' ',1820,182,25,25,0,116,NULL),(3910,' ',520,286,25,25,0,116,NULL),(3911,' ',806,312,25,25,0,116,NULL),(3912,' ',1378,416,25,25,0,116,NULL),(3913,' ',754,208,25,25,0,116,NULL),(3914,' ',1014,910,25,25,0,116,NULL),(3915,' ',1326,338,25,25,0,116,NULL),(3916,' ',1040,624,25,25,0,116,NULL),(3917,' ',1820,910,25,25,0,116,NULL),(3918,' ',1742,364,25,25,0,116,NULL),(3919,' ',754,52,25,25,0,116,NULL),(3920,' ',468,312,25,25,0,116,NULL),(3921,' ',390,884,25,25,0,116,NULL),(3922,' ',260,858,25,25,0,116,NULL),(3923,' ',1690,442,25,25,0,116,NULL),(3924,' ',260,546,25,25,0,116,NULL),(3925,' ',702,910,25,25,0,116,NULL),(3926,' ',1898,598,25,25,0,116,NULL),(3927,' ',1014,52,25,25,0,116,NULL),(3928,' ',1482,442,25,25,0,116,NULL),(3929,' ',364,208,25,25,0,116,NULL),(3930,' ',780,130,25,25,0,116,NULL),(3931,' ',572,520,25,25,0,116,NULL);
/*!40000 ALTER TABLE `house` ENABLE KEYS */;
UNLOCK TABLES;

--
-- Table structure for table `housepopulation`
--

DROP TABLE IF EXISTS `housepopulation`;
/*!40101 SET @saved_cs_client     = @@character_set_client */;
/*!40101 SET character_set_client = utf8 */;
CREATE TABLE `housepopulation` (
  `id` int(11) NOT NULL AUTO_INCREMENT,
  `number` int(11) NOT NULL,
  `percentage` double NOT NULL,
  `cityid` int(11) NOT NULL,
  PRIMARY KEY (`id`),
  KEY `city` (`cityid`),
  CONSTRAINT `city` FOREIGN KEY (`cityid`) REFERENCES `cities` (`id`)
) ENGINE=InnoDB AUTO_INCREMENT=456 DEFAULT CHARSET=utf8;
/*!40101 SET character_set_client = @saved_cs_client */;

--
-- Dumping data for table `housepopulation`
--

LOCK TABLES `housepopulation` WRITE;
/*!40000 ALTER TABLE `housepopulation` DISABLE KEYS */;
INSERT INTO `housepopulation` VALUES (294,0,10,74),(295,1,10,74),(296,2,10,74),(297,3,10,74),(298,4,10,74),(299,5,10,74),(300,6,10,74),(301,7,10,74),(302,8,10,74),(312,0,10,76),(313,1,10,76),(314,2,10,76),(315,3,10,76),(316,4,10,76),(317,5,10,76),(318,6,10,76),(319,7,10,76),(320,8,10,76),(321,0,10,77),(322,1,10,77),(323,2,10,77),(324,3,10,77),(325,4,10,77),(326,5,10,77),(327,6,10,77),(328,7,10,77),(329,8,10,77),(330,0,10,78),(331,1,10,78),(332,2,10,78),(333,3,10,78),(334,4,10,78),(335,5,10,78),(336,6,10,78),(337,7,10,78),(338,8,10,78),(339,0,10,79),(340,1,10,79),(341,2,10,79),(342,3,10,79),(343,4,10,79),(344,5,10,79),(345,6,10,79),(346,7,10,79),(347,8,10,79),(348,0,10,80),(349,1,10,80),(350,2,10,80),(351,3,10,80),(352,4,10,80),(353,5,10,80),(354,6,10,80),(355,7,10,80),(356,8,10,80),(357,0,10,81),(358,1,10,81),(359,2,10,81),(360,3,10,81),(361,4,10,81),(362,5,10,81),(363,6,10,81),(364,7,10,81),(365,8,10,81),(366,0,10,82),(367,1,10,82),(368,2,10,82),(369,3,10,82),(370,4,10,82),(371,5,10,82),(372,6,10,82),(373,7,10,82),(374,8,10,82),(375,0,10,83),(376,1,10,83),(377,2,10,83),(378,3,10,83),(379,4,10,83),(380,5,10,83),(381,6,10,83),(382,7,10,83),(383,8,10,83),(384,0,10,84),(385,1,10,84),(386,2,10,84),(387,3,10,84),(388,4,10,84),(389,5,10,84),(390,6,10,84),(391,7,10,84),(392,8,10,84),(393,0,10,85),(394,1,10,85),(395,2,10,85),(396,3,10,85),(397,4,10,85),(398,5,10,85),(399,6,10,85),(400,7,10,85),(401,8,10,85),(402,0,10,86),(403,1,10,86),(404,2,10,86),(405,3,10,86),(406,4,10,86),(407,5,10,86),(408,6,10,86),(409,7,10,86),(410,8,10,86),(411,0,10,87),(412,1,10,87),(413,2,10,87),(414,3,10,87),(415,4,10,87),(416,5,10,87),(417,6,10,87),(418,7,10,87),(419,8,10,87),(420,0,3,88),(421,1,5,88),(422,2,10,88),(423,3,22,88),(424,4,23,88),(425,5,17,88),(426,6,15,88),(427,7,3,88),(428,8,2,88),(429,0,10,89),(430,1,10,89),(431,2,10,89),(432,3,10,89),(433,4,10,89),(434,5,10,89),(435,6,10,89),(436,7,10,89),(437,8,10,89),(438,0,10,90),(439,1,10,90),(440,2,10,90),(441,3,10,90),(442,4,10,90),(443,5,10,90),(444,6,10,90),(445,7,10,90),(446,8,10,90),(447,0,2,91),(448,1,5,91),(449,2,13,91),(450,3,20,91),(451,4,20,91),(452,5,15,91),(453,6,15,91),(454,7,5,91),(455,8,5,91);
/*!40000 ALTER TABLE `housepopulation` ENABLE KEYS */;
UNLOCK TABLES;

--
-- Table structure for table `human`
--

DROP TABLE IF EXISTS `human`;
/*!40101 SET @saved_cs_client     = @@character_set_client */;
/*!40101 SET character_set_client = utf8 */;
CREATE TABLE `human` (
  `id` int(100) NOT NULL AUTO_INCREMENT,
  `firstName` varchar(255) DEFAULT NULL,
  `lastName` varchar(255) DEFAULT NULL,
  `age` int(10) NOT NULL,
  `houseid` int(100) NOT NULL,
  `religionid` int(10) NOT NULL,
  PRIMARY KEY (`id`),
  UNIQUE KEY `id` (`id`),
  KEY `FKhuman948632` (`religionid`),
  KEY `FKhuman629750` (`houseid`),
  CONSTRAINT `FKhuman629750` FOREIGN KEY (`houseid`) REFERENCES `house` (`id`),
  CONSTRAINT `FKhuman948632` FOREIGN KEY (`religionid`) REFERENCES `religion` (`id`)
) ENGINE=InnoDB DEFAULT CHARSET=utf8;
/*!40101 SET character_set_client = @saved_cs_client */;

--
-- Dumping data for table `human`
--

LOCK TABLES `human` WRITE;
/*!40000 ALTER TABLE `human` DISABLE KEYS */;
/*!40000 ALTER TABLE `human` ENABLE KEYS */;
UNLOCK TABLES;

--
-- Table structure for table `humanagename`
--

DROP TABLE IF EXISTS `humanagename`;
/*!40101 SET @saved_cs_client     = @@character_set_client */;
/*!40101 SET character_set_client = utf8 */;
CREATE TABLE `humanagename` (
  `id` int(11) NOT NULL AUTO_INCREMENT,
  `name` varchar(50) DEFAULT NULL,
  `minAge` int(11) DEFAULT NULL,
  `maxAge` int(11) DEFAULT NULL,
  PRIMARY KEY (`id`)
) ENGINE=InnoDB AUTO_INCREMENT=19 DEFAULT CHARSET=utf8;
/*!40101 SET character_set_client = @saved_cs_client */;

--
-- Dumping data for table `humanagename`
--

LOCK TABLES `humanagename` WRITE;
/*!40000 ALTER TABLE `humanagename` DISABLE KEYS */;
INSERT INTO `humanagename` VALUES (1,'Between 0 and 4',0,4),(9,'Between 5 and 10',5,10),(10,'Between 11 and 20',11,20),(11,'Between 21 and 30',21,30),(12,'Between 31 and 40',31,40),(13,'Between 41 and 50',41,50),(14,'Between 51 and 60',51,60),(15,'Between 61 and 70',61,70),(16,'Between 71 and 80',71,80),(17,'Between 81 and 100',81,100),(18,'Between 100 and 110',100,110);
/*!40000 ALTER TABLE `humanagename` ENABLE KEYS */;
UNLOCK TABLES;

--
-- Table structure for table `humanagesymptom`
--

DROP TABLE IF EXISTS `humanagesymptom`;
/*!40101 SET @saved_cs_client     = @@character_set_client */;
/*!40101 SET character_set_client = utf8 */;
CREATE TABLE `humanagesymptom` (
  `id` int(11) NOT NULL AUTO_INCREMENT,
  `idSymptom` int(11) DEFAULT NULL,
  `idHumanAge` int(11) DEFAULT NULL,
  `percentage` double DEFAULT NULL,
  PRIMARY KEY (`id`)
) ENGINE=InnoDB AUTO_INCREMENT=2527 DEFAULT CHARSET=utf8;
/*!40101 SET character_set_client = @saved_cs_client */;

--
-- Dumping data for table `humanagesymptom`
--

LOCK TABLES `humanagesymptom` WRITE;
/*!40000 ALTER TABLE `humanagesymptom` DISABLE KEYS */;
INSERT INTO `humanagesymptom` VALUES (1043,1976,257,0),(1044,1977,257,0),(1045,1978,257,0),(1047,1976,258,0),(1048,1977,258,0),(1049,1978,258,0),(1061,1980,257,0),(1062,1980,258,0),(1073,1982,259,0),(1074,1983,259,0),(1075,1984,259,0),(1076,1985,259,0),(1077,1982,260,0),(1078,1983,260,0),(1079,1984,260,0),(1080,1985,260,0),(1081,1982,261,0),(1082,1983,261,0),(1083,1984,261,0),(1084,1985,261,0),(1085,1982,262,0),(1086,1983,262,0),(1087,1984,262,0),(1088,1985,262,0),(1089,1982,263,0),(1090,1983,263,0),(1091,1984,263,0),(1092,1985,263,0),(1093,1982,264,0),(1094,1983,264,0),(1095,1984,264,0),(1096,1985,264,0),(1097,1982,265,0),(1098,1983,265,0),(1099,1984,265,0),(1100,1985,265,0),(1101,1982,266,0),(1102,1983,266,0),(1103,1984,266,0),(1104,1985,266,0),(1105,1982,267,0),(1106,1983,267,0),(1107,1984,267,0),(1108,1985,267,0),(1109,1982,268,0),(1110,1983,268,0),(1111,1984,268,0),(1112,1985,268,0),(1113,1982,269,0),(1114,1983,269,0),(1115,1984,269,0),(1116,1985,269,0),(1117,1982,270,0),(1118,1983,270,0),(1119,1984,270,0),(1120,1985,270,0),(1121,1986,271,0),(1122,1987,271,0),(1123,1988,271,0),(1124,1989,271,0),(1125,1986,272,0),(1126,1987,272,0),(1127,1988,272,0),(1128,1989,272,0),(1129,1986,273,0),(1130,1987,273,0),(1131,1988,273,0),(1132,1989,273,0),(1133,1986,274,0),(1134,1987,274,0),(1135,1988,274,0),(1136,1989,274,0),(1137,1986,275,0),(1138,1987,275,0),(1139,1988,275,0),(1140,1989,275,0),(1141,1986,276,0),(1142,1987,276,0),(1143,1988,276,0),(1144,1989,276,0),(1145,1986,277,0),(1146,1987,277,0),(1147,1988,277,0),(1148,1989,277,0),(1149,1986,278,0),(1150,1987,278,0),(1151,1988,278,0),(1152,1989,278,0),(1153,1986,279,0),(1154,1987,279,0),(1155,1988,279,0),(1156,1989,279,0),(1157,1986,280,0),(1158,1987,280,0),(1159,1988,280,0),(1160,1989,280,0),(1161,1986,281,0),(1162,1987,281,0),(1163,1988,281,0),(1164,1989,281,0),(1165,1986,282,0),(1166,1987,282,0),(1167,1988,282,0),(1168,1989,282,0),(1169,1990,283,0),(1170,1991,283,0),(1171,1992,283,0),(1172,1993,283,0),(1173,1990,284,0),(1174,1991,284,0),(1175,1992,284,0),(1176,1993,284,0),(1177,1990,285,0),(1178,1991,285,0),(1179,1992,285,0),(1180,1993,285,0),(1181,1990,286,0),(1182,1991,286,0),(1183,1992,286,0),(1184,1993,286,0),(1185,1990,287,0),(1186,1991,287,0),(1187,1992,287,0),(1188,1993,287,0),(1189,1990,288,0),(1190,1991,288,0),(1191,1992,288,0),(1192,1993,288,0),(1193,1990,289,0),(1194,1991,289,0),(1195,1992,289,0),(1196,1993,289,0),(1197,1990,290,0),(1198,1991,290,0),(1199,1992,290,0),(1200,1993,290,0),(1201,1990,291,0),(1202,1991,291,0),(1203,1992,291,0),(1204,1993,291,0),(1205,1990,292,0),(1206,1991,292,0),(1207,1992,292,0),(1208,1993,292,0),(1209,1990,293,0),(1210,1991,293,0),(1211,1992,293,0),(1212,1993,293,0),(1213,1990,294,0),(1214,1991,294,0),(1215,1992,294,0),(1216,1993,294,0),(1217,1994,295,0),(1218,1995,295,0),(1219,1996,295,0),(1220,1997,295,0),(1221,1994,296,0),(1222,1995,296,0),(1223,1996,296,0),(1224,1997,296,0),(1225,1994,297,0),(1226,1995,297,0),(1227,1996,297,0),(1228,1997,297,0),(1229,1994,298,0),(1230,1995,298,0),(1231,1996,298,0),(1232,1997,298,0),(1233,1994,299,0),(1234,1995,299,0),(1235,1996,299,0),(1236,1997,299,0),(1237,1994,300,0),(1238,1995,300,0),(1239,1996,300,0),(1240,1997,300,0),(1241,1994,301,0),(1242,1995,301,0),(1243,1996,301,0),(1244,1997,301,0),(1245,1994,302,0),(1246,1995,302,0),(1247,1996,302,0),(1248,1997,302,0),(1249,1994,303,0),(1250,1995,303,0),(1251,1996,303,0),(1252,1997,303,0),(1253,1994,304,0),(1254,1995,304,0),(1255,1996,304,0),(1256,1997,304,0),(1257,1994,305,0),(1258,1995,305,0),(1259,1996,305,0),(1260,1997,305,0),(1261,1994,306,0),(1262,1995,306,0),(1263,1996,306,0),(1264,1997,306,0),(1265,1998,307,5),(1266,1999,307,10),(1267,2000,307,20),(1268,2001,307,65),(1269,1998,308,20),(1270,1999,308,20),(1271,2000,308,30),(1272,2001,308,30),(1273,1998,309,30),(1274,1999,309,30),(1275,2000,309,30),(1276,2001,309,10),(1277,1998,310,30),(1278,1999,310,20),(1279,2000,310,20),(1280,2001,310,30),(1281,1998,311,50),(1282,1999,311,40),(1283,2000,311,0),(1284,2001,311,10),(1285,1998,312,10),(1286,1999,312,20),(1287,2000,312,30),(1288,2001,312,40),(1289,1998,313,10),(1290,1999,313,50),(1291,2000,313,10),(1292,2001,313,30),(1293,1998,314,20),(1294,1999,314,10),(1295,2000,314,20),(1296,2001,314,50),(1297,1998,315,40),(1298,1999,315,10),(1299,2000,315,40),(1300,2001,315,10),(1301,1998,316,40),(1302,1999,316,10),(1303,2000,316,10),(1304,2001,316,10),(1305,1998,317,0),(1306,1999,317,0),(1307,2000,317,0),(1308,2001,317,0),(1309,1998,318,0),(1310,1999,318,0),(1311,2000,318,0),(1312,2001,318,0),(1313,2002,317,0),(1314,2003,317,0),(1315,2004,317,0),(1316,2005,317,0),(1317,2002,318,0),(1318,2003,318,0),(1319,2004,318,0),(1320,2005,318,0),(1321,2002,319,0),(1322,2003,319,0),(1323,2004,319,0),(1324,2005,319,0),(1325,2002,320,0),(1326,2003,320,0),(1327,2004,320,0),(1328,2005,320,0),(1329,2002,321,0),(1330,2003,321,0),(1331,2004,321,0),(1332,2005,321,0),(1333,2002,322,0),(1334,2003,322,0),(1335,2004,322,0),(1336,2005,322,0),(1337,2002,323,0),(1338,2003,323,0),(1339,2004,323,0),(1340,2005,323,0),(1341,2002,324,0),(1342,2003,324,0),(1343,2004,324,0),(1344,2005,324,0),(1345,2002,325,0),(1346,2003,325,0),(1347,2004,325,0),(1348,2005,325,0),(1349,2002,326,0),(1350,2003,326,0),(1351,2004,326,0),(1352,2005,326,0),(1353,2006,327,0),(1354,2007,327,0),(1355,2008,327,0),(1356,2009,327,0),(1357,2006,328,0),(1358,2007,328,0),(1359,2008,328,0),(1360,2009,328,0),(1361,2006,329,0),(1362,2007,329,0),(1363,2008,329,0),(1364,2009,329,0),(1365,2006,330,0),(1366,2007,330,0),(1367,2008,330,0),(1368,2009,330,0),(1369,2006,331,0),(1370,2007,331,0),(1371,2008,331,0),(1372,2009,331,0),(1373,2006,332,0),(1374,2007,332,0),(1375,2008,332,0),(1376,2009,332,0),(1377,2006,333,0),(1378,2007,333,0),(1379,2008,333,0),(1380,2009,333,0),(1381,2006,334,0),(1382,2007,334,0),(1383,2008,334,0),(1384,2009,334,0),(1385,2006,335,0),(1386,2007,335,0),(1387,2008,335,0),(1388,2009,335,0),(1389,2006,336,0),(1390,2007,336,0),(1391,2008,336,0),(1392,2009,336,0),(1393,2010,337,0),(1394,2011,337,0),(1395,2012,337,0),(1396,2013,337,0),(1397,2010,338,0),(1398,2011,338,0),(1399,2012,338,0),(1400,2013,338,0),(1401,2010,339,0),(1402,2011,339,0),(1403,2012,339,0),(1404,2013,339,0),(1405,2010,340,0),(1406,2011,340,0),(1407,2012,340,0),(1408,2013,340,0),(1409,2010,341,0),(1410,2011,341,0),(1411,2012,341,0),(1412,2013,341,0),(1413,2010,342,0),(1414,2011,342,0),(1415,2012,342,0),(1416,2013,342,0),(1417,2010,343,0),(1418,2011,343,0),(1419,2012,343,0),(1420,2013,343,0),(1421,2010,344,0),(1422,2011,344,0),(1423,2012,344,0),(1424,2013,344,0),(1425,2010,345,0),(1426,2011,345,0),(1427,2012,345,0),(1428,2013,345,0),(1429,2010,346,0),(1430,2011,346,0),(1431,2012,346,0),(1432,2013,346,0),(1433,2014,347,0),(1434,2015,347,0),(1435,2016,347,0),(1436,2017,347,0),(1437,2014,348,0),(1438,2015,348,0),(1439,2016,348,0),(1440,2017,348,0),(1441,2014,349,0),(1442,2015,349,0),(1443,2016,349,0),(1444,2017,349,0),(1445,2014,350,0),(1446,2015,350,0),(1447,2016,350,0),(1448,2017,350,0),(1449,2014,351,0),(1450,2015,351,0),(1451,2016,351,0),(1452,2017,351,0),(1453,2014,352,0),(1454,2015,352,0),(1455,2016,352,0),(1456,2017,352,0),(1457,2014,353,0),(1458,2015,353,0),(1459,2016,353,0),(1460,2017,353,0),(1461,2014,354,0),(1462,2015,354,0),(1463,2016,354,0),(1464,2017,354,0),(1465,2014,355,0),(1466,2015,355,0),(1467,2016,355,0),(1468,2017,355,0),(1469,2014,356,0),(1470,2015,356,0),(1471,2016,356,0),(1472,2017,356,0),(1473,2018,357,0),(1474,2019,357,0),(1475,2020,357,0),(1476,2021,357,0),(1477,2018,358,0),(1478,2019,358,0),(1479,2020,358,0),(1480,2021,358,0),(1481,2018,359,0),(1482,2019,359,0),(1483,2020,359,0),(1484,2021,359,0),(1485,2018,360,0),(1486,2019,360,0),(1487,2020,360,0),(1488,2021,360,0),(1489,2018,361,0),(1490,2019,361,0),(1491,2020,361,0),(1492,2021,361,0),(1493,2018,362,0),(1494,2019,362,0),(1495,2020,362,0),(1496,2021,362,0),(1497,2018,363,0),(1498,2019,363,0),(1499,2020,363,0),(1500,2021,363,0),(1501,2018,364,0),(1502,2019,364,0),(1503,2020,364,0),(1504,2021,364,0),(1505,2018,365,0),(1506,2019,365,0),(1507,2020,365,0),(1508,2021,365,0),(1509,2018,366,0),(1510,2019,366,0),(1511,2020,366,0),(1512,2021,366,0),(1513,2022,367,0),(1514,2023,367,0),(1515,2024,367,0),(1516,2025,367,0),(1517,2022,368,0),(1518,2023,368,0),(1519,2024,368,0),(1520,2025,368,0),(1521,2022,369,0),(1522,2023,369,0),(1523,2024,369,0),(1524,2025,369,0),(1525,2022,370,0),(1526,2023,370,0),(1527,2024,370,0),(1528,2025,370,0),(1529,2022,371,0),(1530,2023,371,0),(1531,2024,371,0),(1532,2025,371,0),(1533,2022,372,0),(1534,2023,372,0),(1535,2024,372,0),(1536,2025,372,0),(1537,2022,373,0),(1538,2023,373,0),(1539,2024,373,0),(1540,2025,373,0),(1541,2022,374,0),(1542,2023,374,0),(1543,2024,374,0),(1544,2025,374,0),(1545,2022,375,0),(1546,2023,375,0),(1547,2024,375,0),(1548,2025,375,0),(1549,2022,376,0),(1550,2023,376,0),(1551,2024,376,0),(1552,2025,376,0),(1553,2026,377,0),(1554,2027,377,0),(1555,2028,377,0),(1556,2029,377,0),(1557,2026,378,0),(1558,2027,378,0),(1559,2028,378,0),(1560,2029,378,0),(1561,2026,379,0),(1562,2027,379,0),(1563,2028,379,0),(1564,2029,379,0),(1565,2026,380,0),(1566,2027,380,0),(1567,2028,380,0),(1568,2029,380,0),(1569,2026,381,0),(1570,2027,381,0),(1571,2028,381,0),(1572,2029,381,0),(1573,2026,382,0),(1574,2027,382,0),(1575,2028,382,0),(1576,2029,382,0),(1577,2026,383,0),(1578,2027,383,0),(1579,2028,383,0),(1580,2029,383,0),(1581,2026,384,0),(1582,2027,384,0),(1583,2028,384,0),(1584,2029,384,0),(1585,2026,385,0),(1586,2027,385,0),(1587,2028,385,0),(1588,2029,385,0),(1589,2026,386,0),(1590,2027,386,0),(1591,2028,386,0),(1592,2029,386,0),(1593,2030,387,99),(1594,2031,387,1),(1595,2032,387,0),(1596,2033,387,0),(1597,2030,388,98),(1598,2031,388,2),(1599,2032,388,0),(1600,2033,388,0),(1601,2030,389,95),(1602,2031,389,5),(1603,2032,389,0),(1604,2033,389,0),(1605,2030,390,90),(1606,2031,390,8),(1607,2032,390,2),(1608,2033,390,0),(1609,2030,391,85),(1610,2031,391,12),(1611,2032,391,3),(1612,2033,391,0),(1613,2030,392,83),(1614,2031,392,14),(1615,2032,392,3),(1616,2033,392,0),(1617,2030,393,80),(1618,2031,393,14),(1619,2032,393,5),(1620,2033,393,1),(1621,2030,394,60),(1622,2031,394,20),(1623,2032,394,12),(1624,2033,394,8),(1625,2030,395,40),(1626,2031,395,20),(1627,2032,395,30),(1628,2033,395,10),(1629,2030,396,30),(1630,2031,396,20),(1631,2032,396,30),(1632,2033,396,20),(1633,2034,397,99),(1634,2035,397,1),(1635,2036,397,0),(1636,2037,397,0),(1637,2034,398,98),(1638,2035,398,2),(1639,2036,398,0),(1640,2037,398,0),(1641,2034,399,95),(1642,2035,399,5),(1643,2036,399,0),(1644,2037,399,0),(1645,2034,400,90),(1646,2035,400,8),(1647,2036,400,2),(1648,2037,400,0),(1649,2034,401,85),(1650,2035,401,12),(1651,2036,401,3),(1652,2037,401,0),(1653,2034,402,83),(1654,2035,402,14),(1655,2036,402,3),(1656,2037,402,0),(1657,2034,403,80),(1658,2035,403,14),(1659,2036,403,5),(1660,2037,403,1),(1661,2034,404,60),(1662,2035,404,20),(1663,2036,404,12),(1664,2037,404,8),(1665,2034,405,40),(1666,2035,405,20),(1667,2036,405,30),(1668,2037,405,10),(1669,2034,406,30),(1670,2035,406,20),(1671,2036,406,30),(1672,2037,406,20),(1673,2038,407,99),(1674,2039,407,1),(1675,2040,407,0),(1676,2041,407,0),(1677,2038,408,98),(1678,2039,408,2),(1679,2040,408,0),(1680,2041,408,0),(1681,2038,409,95),(1682,2039,409,5),(1683,2040,409,0),(1684,2041,409,0),(1685,2038,410,90),(1686,2039,410,8),(1687,2040,410,2),(1688,2041,410,0),(1689,2038,411,85),(1690,2039,411,12),(1691,2040,411,3),(1692,2041,411,0),(1693,2038,412,83),(1694,2039,412,14),(1695,2040,412,3),(1696,2041,412,0),(1697,2038,413,80),(1698,2039,413,14),(1699,2040,413,5),(1700,2041,413,1),(1701,2038,414,60),(1702,2039,414,20),(1703,2040,414,12),(1704,2041,414,8),(1705,2038,415,40),(1706,2039,415,20),(1707,2040,415,30),(1708,2041,415,10),(1709,2038,416,30),(1710,2039,416,20),(1711,2040,416,30),(1712,2041,416,20),(1713,2042,417,99),(1714,2043,417,1),(1715,2044,417,0),(1716,2045,417,0),(1717,2042,418,98),(1718,2043,418,2),(1719,2044,418,0),(1720,2045,418,0),(1721,2042,419,95),(1722,2043,419,5),(1723,2044,419,0),(1724,2045,419,0),(1725,2042,420,90),(1726,2043,420,8),(1727,2044,420,2),(1728,2045,420,0),(1729,2042,421,85),(1730,2043,421,12),(1731,2044,421,3),(1732,2045,421,0),(1733,2042,422,83),(1734,2043,422,14),(1735,2044,422,3),(1736,2045,422,0),(1737,2042,423,80),(1738,2043,423,14),(1739,2044,423,5),(1740,2045,423,1),(1741,2042,424,60),(1742,2043,424,20),(1743,2044,424,12),(1744,2045,424,8),(1745,2042,425,40),(1746,2043,425,20),(1747,2044,425,30),(1748,2045,425,10),(1749,2042,426,30),(1750,2043,426,20),(1751,2044,426,30),(1752,2045,426,20),(1753,2046,427,99),(1754,2047,427,1),(1755,2048,427,0),(1756,2049,427,0),(1757,2046,428,98),(1758,2047,428,2),(1759,2048,428,0),(1760,2049,428,0),(1761,2046,429,95),(1762,2047,429,5),(1763,2048,429,0),(1764,2049,429,0),(1765,2046,430,90),(1766,2047,430,8),(1767,2048,430,2),(1768,2049,430,0),(1769,2046,431,85),(1770,2047,431,12),(1771,2048,431,3),(1772,2049,431,0),(1773,2046,432,83),(1774,2047,432,14),(1775,2048,432,3),(1776,2049,432,0),(1777,2046,433,80),(1778,2047,433,14),(1779,2048,433,5),(1780,2049,433,1),(1781,2046,434,60),(1782,2047,434,20),(1783,2048,434,12),(1784,2049,434,8),(1785,2046,435,40),(1786,2047,435,20),(1787,2048,435,30),(1788,2049,435,10),(1789,2046,436,30),(1790,2047,436,20),(1791,2048,436,30),(1792,2049,436,20),(1793,2050,437,99),(1794,2051,437,1),(1795,2052,437,0),(1796,2053,437,0),(1797,2050,438,98),(1798,2051,438,2),(1799,2052,438,0),(1800,2053,438,0),(1801,2050,439,95),(1802,2051,439,5),(1803,2052,439,0),(1804,2053,439,0),(1805,2050,440,90),(1806,2051,440,8),(1807,2052,440,2),(1808,2053,440,0),(1809,2050,441,85),(1810,2051,441,12),(1811,2052,441,3),(1812,2053,441,0),(1813,2050,442,83),(1814,2051,442,14),(1815,2052,442,3),(1816,2053,442,0),(1817,2050,443,80),(1818,2051,443,14),(1819,2052,443,5),(1820,2053,443,1),(1821,2050,444,60),(1822,2051,444,20),(1823,2052,444,12),(1824,2053,444,8),(1825,2050,445,40),(1826,2051,445,20),(1827,2052,445,30),(1828,2053,445,10),(1829,2050,446,30),(1830,2051,446,20),(1831,2052,446,30),(1832,2053,446,20),(1833,2054,247,100),(1834,2055,247,0),(1835,2056,247,0),(1836,2057,247,0),(1837,2058,247,0),(1838,2059,247,0),(1839,2060,247,0),(1840,2054,248,95),(1841,2055,248,2),(1842,2056,248,3),(1843,2057,248,0),(1844,2058,248,0),(1845,2059,248,0),(1846,2060,248,0),(1847,2054,249,89),(1848,2055,249,2),(1849,2056,249,8),(1850,2057,249,1),(1851,2058,249,0),(1852,2059,249,0),(1853,2060,249,0),(1854,2054,250,74),(1855,2055,250,5),(1856,2056,250,10),(1857,2057,250,5),(1858,2058,250,2),(1859,2059,250,2),(1860,2060,250,2),(1861,2054,251,66),(1862,2055,251,10),(1863,2056,251,10),(1864,2057,251,5),(1865,2058,251,5),(1866,2059,251,2),(1867,2060,251,2),(1868,2054,252,50),(1869,2055,252,10),(1870,2056,252,10),(1871,2057,252,10),(1872,2058,252,5),(1873,2059,252,8),(1874,2060,252,5),(1875,2054,253,20),(1876,2055,253,10),(1877,2056,253,10),(1878,2057,253,10),(1879,2058,253,18),(1880,2059,253,15),(1881,2060,253,14),(1882,2054,254,15),(1883,2055,254,7),(1884,2056,254,5),(1885,2057,254,10),(1886,2058,254,20),(1887,2059,254,15),(1888,2060,254,24),(1889,2054,255,10),(1890,2055,255,5),(1891,2056,255,5),(1892,2057,255,10),(1893,2058,255,15),(1894,2059,255,15),(1895,2060,255,30),(1896,2054,256,5),(1897,2055,256,5),(1898,2056,256,5),(1899,2057,256,5),(1900,2058,256,10),(1901,2059,256,20),(1902,2060,256,35),(1903,2061,447,0),(1904,2062,447,0),(1905,2063,447,0),(1906,2064,447,0),(1907,2061,448,0),(1908,2062,448,0),(1909,2063,448,0),(1910,2064,448,0),(1911,2061,449,0),(1912,2062,449,0),(1913,2063,449,0),(1914,2064,449,0),(1915,2061,450,0),(1916,2062,450,0),(1917,2063,450,0),(1918,2064,450,0),(1919,2061,451,0),(1920,2062,451,0),(1921,2063,451,0),(1922,2064,451,0),(1923,2061,452,0),(1924,2062,452,0),(1925,2063,452,0),(1926,2064,452,0),(1927,2061,453,0),(1928,2062,453,0),(1929,2063,453,0),(1930,2064,453,0),(1931,2061,454,0),(1932,2062,454,0),(1933,2063,454,0),(1934,2064,454,0),(1935,2061,455,0),(1936,2062,455,0),(1937,2063,455,0),(1938,2064,455,0),(1939,2061,456,0),(1940,2062,456,0),(1941,2063,456,0),(1942,2064,456,0),(1943,2061,457,0),(1944,2062,457,0),(1945,2063,457,0),(1946,2064,457,0),(1947,2065,458,0),(1948,2066,458,0),(1949,2067,458,0),(1950,2068,458,0),(1951,2069,458,0),(1952,2070,458,0),(1953,2071,458,0),(1954,2065,459,0),(1955,2066,459,0),(1956,2067,459,0),(1957,2068,459,0),(1958,2069,459,0),(1959,2070,459,0),(1960,2071,459,0),(1961,2065,460,0),(1962,2066,460,0),(1963,2067,460,0),(1964,2068,460,0),(1965,2069,460,0),(1966,2070,460,0),(1967,2071,460,0),(1968,2065,461,0),(1969,2066,461,0),(1970,2067,461,0),(1971,2068,461,0),(1972,2069,461,0),(1973,2070,461,0),(1974,2071,461,0),(1975,2065,462,0),(1976,2066,462,0),(1977,2067,462,0),(1978,2068,462,0),(1979,2069,462,0),(1980,2070,462,0),(1981,2071,462,0),(1982,2065,463,0),(1983,2066,463,0),(1984,2067,463,0),(1985,2068,463,0),(1986,2069,463,0),(1987,2070,463,0),(1988,2071,463,0),(1989,2065,464,0),(1990,2066,464,0),(1991,2067,464,0),(1992,2068,464,0),(1993,2069,464,0),(1994,2070,464,0),(1995,2071,464,0),(1996,2065,465,0),(1997,2066,465,0),(1998,2067,465,0),(1999,2068,465,0),(2000,2069,465,0),(2001,2070,465,0),(2002,2071,465,0),(2003,2065,466,0),(2004,2066,466,0),(2005,2067,466,0),(2006,2068,466,0),(2007,2069,466,0),(2008,2070,466,0),(2009,2071,466,0),(2010,2065,467,0),(2011,2066,467,0),(2012,2067,467,0),(2013,2068,467,0),(2014,2069,467,0),(2015,2070,467,0),(2016,2071,467,0),(2017,2072,468,0),(2018,2073,468,0),(2019,2074,468,0),(2020,2075,468,0),(2021,2076,468,0),(2022,2077,468,0),(2023,2078,468,0),(2024,2072,469,0),(2025,2073,469,0),(2026,2074,469,0),(2027,2075,469,0),(2028,2076,469,0),(2029,2077,469,0),(2030,2078,469,0),(2031,2072,470,0),(2032,2073,470,0),(2033,2074,470,0),(2034,2075,470,0),(2035,2076,470,0),(2036,2077,470,0),(2037,2078,470,0),(2038,2072,471,0),(2039,2073,471,0),(2040,2074,471,0),(2041,2075,471,0),(2042,2076,471,0),(2043,2077,471,0),(2044,2078,471,0),(2045,2072,472,0),(2046,2073,472,0),(2047,2074,472,0),(2048,2075,472,0),(2049,2076,472,0),(2050,2077,472,0),(2051,2078,472,0),(2052,2072,473,0),(2053,2073,473,0),(2054,2074,473,0),(2055,2075,473,0),(2056,2076,473,0),(2057,2077,473,0),(2058,2078,473,0),(2059,2072,474,0),(2060,2073,474,0),(2061,2074,474,0),(2062,2075,474,0),(2063,2076,474,0),(2064,2077,474,0),(2065,2078,474,0),(2066,2072,475,0),(2067,2073,475,0),(2068,2074,475,0),(2069,2075,475,0),(2070,2076,475,0),(2071,2077,475,0),(2072,2078,475,0),(2073,2072,476,0),(2074,2073,476,0),(2075,2074,476,0),(2076,2075,476,0),(2077,2076,476,0),(2078,2077,476,0),(2079,2078,476,0),(2080,2072,477,0),(2081,2073,477,0),(2082,2074,477,0),(2083,2075,477,0),(2084,2076,477,0),(2085,2077,477,0),(2086,2078,477,0),(2087,2079,478,0),(2088,2080,478,0),(2089,2081,478,0),(2090,2082,478,0),(2091,2083,478,0),(2092,2084,478,0),(2093,2085,478,0),(2094,2079,479,0),(2095,2080,479,0),(2096,2081,479,0),(2097,2082,479,0),(2098,2083,479,0),(2099,2084,479,0),(2100,2085,479,0),(2101,2079,480,0),(2102,2080,480,0),(2103,2081,480,0),(2104,2082,480,0),(2105,2083,480,0),(2106,2084,480,0),(2107,2085,480,0),(2108,2079,481,0),(2109,2080,481,0),(2110,2081,481,0),(2111,2082,481,0),(2112,2083,481,0),(2113,2084,481,0),(2114,2085,481,0),(2115,2079,482,0),(2116,2080,482,0),(2117,2081,482,0),(2118,2082,482,0),(2119,2083,482,0),(2120,2084,482,0),(2121,2085,482,0),(2122,2079,483,0),(2123,2080,483,0),(2124,2081,483,0),(2125,2082,483,0),(2126,2083,483,0),(2127,2084,483,0),(2128,2085,483,0),(2129,2079,484,0),(2130,2080,484,0),(2131,2081,484,0),(2132,2082,484,0),(2133,2083,484,0),(2134,2084,484,0),(2135,2085,484,0),(2136,2079,485,0),(2137,2080,485,0),(2138,2081,485,0),(2139,2082,485,0),(2140,2083,485,0),(2141,2084,485,0),(2142,2085,485,0),(2143,2079,486,0),(2144,2080,486,0),(2145,2081,486,0),(2146,2082,486,0),(2147,2083,486,0),(2148,2084,486,0),(2149,2085,486,0),(2150,2079,487,0),(2151,2080,487,0),(2152,2081,487,0),(2153,2082,487,0),(2154,2083,487,0),(2155,2084,487,0),(2156,2085,487,0),(2157,2086,488,0),(2158,2087,488,0),(2159,2088,488,0),(2160,2089,488,0),(2161,2090,488,0),(2162,2091,488,0),(2163,2092,488,0),(2164,2086,489,0),(2165,2087,489,0),(2166,2088,489,0),(2167,2089,489,0),(2168,2090,489,0),(2169,2091,489,0),(2170,2092,489,0),(2171,2086,490,0),(2172,2087,490,0),(2173,2088,490,0),(2174,2089,490,0),(2175,2090,490,0),(2176,2091,490,0),(2177,2092,490,0),(2178,2086,491,0),(2179,2087,491,0),(2180,2088,491,0),(2181,2089,491,0),(2182,2090,491,0),(2183,2091,491,0),(2184,2092,491,0),(2185,2086,492,0),(2186,2087,492,0),(2187,2088,492,0),(2188,2089,492,0),(2189,2090,492,0),(2190,2091,492,0),(2191,2092,492,0),(2192,2086,493,0),(2193,2087,493,0),(2194,2088,493,0),(2195,2089,493,0),(2196,2090,493,0),(2197,2091,493,0),(2198,2092,493,0),(2199,2086,494,0),(2200,2087,494,0),(2201,2088,494,0),(2202,2089,494,0),(2203,2090,494,0),(2204,2091,494,0),(2205,2092,494,0),(2206,2086,495,0),(2207,2087,495,0),(2208,2088,495,0),(2209,2089,495,0),(2210,2090,495,0),(2211,2091,495,0),(2212,2092,495,0),(2213,2086,496,0),(2214,2087,496,0),(2215,2088,496,0),(2216,2089,496,0),(2217,2090,496,0),(2218,2091,496,0),(2219,2092,496,0),(2220,2086,497,0),(2221,2087,497,0),(2222,2088,497,0),(2223,2089,497,0),(2224,2090,497,0),(2225,2091,497,0),(2226,2092,497,0),(2227,2093,498,0),(2228,2094,498,0),(2229,2095,498,0),(2230,2096,498,0),(2231,2097,498,0),(2232,2098,498,0),(2233,2099,498,0),(2234,2093,499,0),(2235,2094,499,0),(2236,2095,499,0),(2237,2096,499,0),(2238,2097,499,0),(2239,2098,499,0),(2240,2099,499,0),(2241,2093,500,0),(2242,2094,500,0),(2243,2095,500,0),(2244,2096,500,0),(2245,2097,500,0),(2246,2098,500,0),(2247,2099,500,0),(2248,2093,501,0),(2249,2094,501,0),(2250,2095,501,0),(2251,2096,501,0),(2252,2097,501,0),(2253,2098,501,0),(2254,2099,501,0),(2255,2093,502,0),(2256,2094,502,0),(2257,2095,502,0),(2258,2096,502,0),(2259,2097,502,0),(2260,2098,502,0),(2261,2099,502,0),(2262,2093,503,0),(2263,2094,503,0),(2264,2095,503,0),(2265,2096,503,0),(2266,2097,503,0),(2267,2098,503,0),(2268,2099,503,0),(2269,2093,504,0),(2270,2094,504,0),(2271,2095,504,0),(2272,2096,504,0),(2273,2097,504,0),(2274,2098,504,0),(2275,2099,504,0),(2276,2093,505,0),(2277,2094,505,0),(2278,2095,505,0),(2279,2096,505,0),(2280,2097,505,0),(2281,2098,505,0),(2282,2099,505,0),(2283,2093,506,0),(2284,2094,506,0),(2285,2095,506,0),(2286,2096,506,0),(2287,2097,506,0),(2288,2098,506,0),(2289,2099,506,0),(2290,2093,507,0),(2291,2094,507,0),(2292,2095,507,0),(2293,2096,507,0),(2294,2097,507,0),(2295,2098,507,0),(2296,2099,507,0),(2297,2100,508,0),(2298,2101,508,0),(2299,2102,508,0),(2300,2103,508,0),(2301,2104,508,0),(2302,2105,508,0),(2303,2106,508,0),(2304,2100,509,0),(2305,2101,509,0),(2306,2102,509,0),(2307,2103,509,0),(2308,2104,509,0),(2309,2105,509,0),(2310,2106,509,0),(2311,2100,510,0),(2312,2101,510,0),(2313,2102,510,0),(2314,2103,510,0),(2315,2104,510,0),(2316,2105,510,0),(2317,2106,510,0),(2318,2100,511,0),(2319,2101,511,0),(2320,2102,511,0),(2321,2103,511,0),(2322,2104,511,0),(2323,2105,511,0),(2324,2106,511,0),(2325,2100,512,0),(2326,2101,512,0),(2327,2102,512,0),(2328,2103,512,0),(2329,2104,512,0),(2330,2105,512,0),(2331,2106,512,0),(2332,2100,513,0),(2333,2101,513,0),(2334,2102,513,0),(2335,2103,513,0),(2336,2104,513,0),(2337,2105,513,0),(2338,2106,513,0),(2339,2100,514,0),(2340,2101,514,0),(2341,2102,514,0),(2342,2103,514,0),(2343,2104,514,0),(2344,2105,514,0),(2345,2106,514,0),(2346,2100,515,0),(2347,2101,515,0),(2348,2102,515,0),(2349,2103,515,0),(2350,2104,515,0),(2351,2105,515,0),(2352,2106,515,0),(2353,2100,516,0),(2354,2101,516,0),(2355,2102,516,0),(2356,2103,516,0),(2357,2104,516,0),(2358,2105,516,0),(2359,2106,516,0),(2360,2100,517,0),(2361,2101,517,0),(2362,2102,517,0),(2363,2103,517,0),(2364,2104,517,0),(2365,2105,517,0),(2366,2106,517,0),(2367,2107,518,100),(2368,2108,518,0),(2369,2109,518,0),(2370,2110,518,0),(2371,2111,518,0),(2372,2112,518,0),(2373,2113,518,0),(2374,2107,519,95),(2375,2108,519,2),(2376,2109,519,3),(2377,2110,519,0),(2378,2111,519,0),(2379,2112,519,0),(2380,2113,519,0),(2381,2107,520,89),(2382,2108,520,2),(2383,2109,520,8),(2384,2110,520,1),(2385,2111,520,0),(2386,2112,520,0),(2387,2113,520,0),(2388,2107,521,74),(2389,2108,521,5),(2390,2109,521,10),(2391,2110,521,5),(2392,2111,521,2),(2393,2112,521,2),(2394,2113,521,2),(2395,2107,522,66),(2396,2108,522,10),(2397,2109,522,10),(2398,2110,522,5),(2399,2111,522,5),(2400,2112,522,2),(2401,2113,522,2),(2402,2107,523,50),(2403,2108,523,10),(2404,2109,523,10),(2405,2110,523,10),(2406,2111,523,5),(2407,2112,523,10),(2408,2113,523,5),(2409,2107,524,20),(2410,2108,524,10),(2411,2109,524,10),(2412,2110,524,10),(2413,2111,524,20),(2414,2112,524,15),(2415,2113,524,15),(2416,2107,525,15),(2417,2108,525,7),(2418,2109,525,5),(2419,2110,525,10),(2420,2111,525,20),(2421,2112,525,15),(2422,2113,525,28),(2423,2107,526,10),(2424,2108,526,5),(2425,2109,526,5),(2426,2110,526,10),(2427,2111,526,15),(2428,2112,526,20),(2429,2113,526,35),(2430,2107,527,5),(2431,2108,527,5),(2432,2109,527,5),(2433,2110,527,5),(2434,2111,527,15),(2435,2112,527,25),(2436,2113,527,40),(2437,2114,247,0),(2438,2114,248,0),(2439,2114,249,0),(2440,2114,250,0),(2441,2114,251,0),(2442,2114,252,2),(2443,2114,253,3),(2444,2114,254,4),(2445,2114,255,10),(2446,2114,256,15),(2447,2115,528,100),(2448,2116,528,0),(2449,2117,528,0),(2450,2118,528,0),(2451,2119,528,0),(2452,2120,528,0),(2453,2121,528,0),(2454,2122,528,0),(2455,2115,529,95),(2456,2116,529,2),(2457,2117,529,3),(2458,2118,529,0),(2459,2119,529,0),(2460,2120,529,0),(2461,2121,529,0),(2462,2122,529,0),(2463,2115,530,89),(2464,2116,530,2),(2465,2117,530,8),(2466,2118,530,1),(2467,2119,530,0),(2468,2120,530,0),(2469,2121,530,0),(2470,2122,530,0),(2471,2115,531,74),(2472,2116,531,5),(2473,2117,531,10),(2474,2118,531,5),(2475,2119,531,2),(2476,2120,531,2),(2477,2121,531,2),(2478,2122,531,0),(2479,2115,532,66),(2480,2116,532,10),(2481,2117,532,10),(2482,2118,532,5),(2483,2119,532,5),(2484,2120,532,2),(2485,2121,532,2),(2486,2122,532,0),(2487,2115,533,50),(2488,2116,533,10),(2489,2117,533,10),(2490,2118,533,10),(2491,2119,533,5),(2492,2120,533,8),(2493,2121,533,5),(2494,2122,533,2),(2495,2115,534,20),(2496,2116,534,10),(2497,2117,534,10),(2498,2118,534,10),(2499,2119,534,18),(2500,2120,534,15),(2501,2121,534,14),(2502,2122,534,3),(2503,2115,535,15),(2504,2116,535,7),(2505,2117,535,5),(2506,2118,535,10),(2507,2119,535,20),(2508,2120,535,15),(2509,2121,535,24),(2510,2122,535,4),(2511,2115,536,10),(2512,2116,536,5),(2513,2117,536,5),(2514,2118,536,10),(2515,2119,536,15),(2516,2120,536,15),(2517,2121,536,30),(2518,2122,536,10),(2519,2115,537,5),(2520,2116,537,5),(2521,2117,537,5),(2522,2118,537,5),(2523,2119,537,10),(2524,2120,537,20),(2525,2121,537,35),(2526,2122,537,15);
/*!40000 ALTER TABLE `humanagesymptom` ENABLE KEYS */;
UNLOCK TABLES;

--
-- Table structure for table `humancityagetype`
--

DROP TABLE IF EXISTS `humancityagetype`;
/*!40101 SET @saved_cs_client     = @@character_set_client */;
/*!40101 SET character_set_client = utf8 */;
CREATE TABLE `humancityagetype` (
  `id` int(10) NOT NULL AUTO_INCREMENT,
  `name` varchar(255) DEFAULT NULL,
  `minAge` int(10) NOT NULL,
  `maxAge` int(10) NOT NULL,
  `cityId` int(100) NOT NULL,
  `humanPercentage` double DEFAULT NULL,
  `placeNumber` int(11) DEFAULT NULL,
  `workPercentage` double DEFAULT NULL,
  PRIMARY KEY (`id`),
  UNIQUE KEY `id` (`id`),
  KEY `FKhumanCityA245940` (`cityId`),
  CONSTRAINT `FKhumanCityA245940` FOREIGN KEY (`cityId`) REFERENCES `cities` (`id`)
) ENGINE=InnoDB AUTO_INCREMENT=627 DEFAULT CHARSET=utf8;
/*!40101 SET character_set_client = @saved_cs_client */;

--
-- Dumping data for table `humancityagetype`
--

LOCK TABLES `humancityagetype` WRITE;
/*!40000 ALTER TABLE `humancityagetype` DISABLE KEYS */;
INSERT INTO `humancityagetype` VALUES (413,'under 4',0,4,74,5,1,0),(414,'between 5 and 10',5,10,74,10,2,0),(415,'between 11 and 20',11,20,74,10,3,5),(416,'between 21 and 30',21,30,74,15,3,30),(417,'between 31 and 40',31,40,74,14,4,70),(418,'between 41 and 50',41,50,74,12,2,60),(419,'between 51 and 60',51,60,74,13,4,50),(420,'between 61 and 70',61,70,74,12,2,40),(421,'between 71 and 80',71,80,74,10,1,10),(422,'above 80',81,100,74,5,0,0),(423,'above 100',100,120,74,0,0,0),(424,'above 200',200,300,74,0,0,0),(437,'under 4',0,4,76,0,0,0),(438,'between 5 and 10',5,10,76,0,0,0),(439,'between 11 and 20',11,20,76,0,0,0),(440,'between 21 and 30',21,30,76,0,0,0),(441,'between 31 and 40',31,40,76,0,0,0),(442,'between 41 and 50',41,50,76,0,0,0),(443,'between 51 and 60',51,60,76,0,0,0),(444,'between 61 and 70',61,70,76,0,0,0),(445,'between 71 and 80',71,80,76,0,0,0),(446,'above 80',81,100,76,0,0,0),(447,'above 100',100,120,76,0,0,0),(448,'above 200',200,300,76,0,0,0),(449,'under 4',0,4,77,0,0,0),(450,'between 5 and 10',5,10,77,0,0,0),(451,'between 11 and 20',11,20,77,0,0,0),(452,'between 21 and 30',21,30,77,0,0,0),(453,'between 31 and 40',31,40,77,0,0,0),(454,'between 41 and 50',41,50,77,0,0,0),(455,'between 51 and 60',51,60,77,0,0,0),(456,'between 61 and 70',61,70,77,0,0,0),(457,'between 71 and 80',71,80,77,0,0,0),(458,'above 80',81,100,77,0,0,0),(459,'above 100',100,120,77,0,0,0),(460,'above 200',200,300,77,0,0,0),(461,'under 4',0,4,78,0,0,0),(462,'between 5 and 10',5,10,78,0,0,0),(463,'between 11 and 20',11,20,78,0,0,0),(464,'between 21 and 30',21,30,78,0,0,0),(465,'between 31 and 40',31,40,78,0,0,0),(466,'between 41 and 50',41,50,78,0,0,0),(467,'between 51 and 60',51,60,78,0,0,0),(468,'between 61 and 70',61,70,78,0,0,0),(469,'between 71 and 80',71,80,78,0,0,0),(470,'above 80',81,100,78,0,0,0),(471,'above 100',100,120,78,0,0,0),(472,'above 200',200,300,78,0,0,0),(473,'under 4',0,4,79,0,0,0),(474,'between 5 and 10',5,10,79,0,0,0),(475,'between 11 and 20',11,20,79,0,0,0),(476,'between 21 and 30',21,30,79,0,0,0),(477,'between 31 and 40',31,40,79,0,0,0),(478,'between 41 and 50',41,50,79,0,0,0),(479,'between 51 and 60',51,60,79,0,0,0),(480,'between 61 and 70',61,70,79,0,0,0),(481,'between 71 and 80',71,80,79,0,0,0),(482,'above 80',81,100,79,0,0,0),(483,'above 100',100,120,79,0,0,0),(484,'above 200',200,300,79,0,0,0),(485,'under 4',0,4,80,0,0,0),(486,'between 5 and 10',5,10,80,0,0,0),(487,'between 11 and 20',11,20,80,0,0,0),(488,'between 21 and 30',21,30,80,0,0,0),(489,'between 31 and 40',31,40,80,0,0,0),(490,'between 41 and 50',41,50,80,0,0,0),(491,'between 51 and 60',51,60,80,0,0,0),(492,'between 61 and 70',61,70,80,0,0,0),(493,'between 71 and 80',71,80,80,0,0,0),(494,'above 80',81,100,80,0,0,0),(495,'above 100',100,120,80,0,0,0),(496,'above 200',200,300,80,0,0,0),(497,'under 4',0,4,81,0,0,0),(498,'between 5 and 10',5,10,81,0,0,0),(499,'between 11 and 20',11,20,81,0,0,0),(500,'between 21 and 30',21,30,81,0,0,0),(501,'between 31 and 40',31,40,81,0,0,0),(502,'between 41 and 50',41,50,81,0,0,0),(503,'between 51 and 60',51,60,81,0,0,0),(504,'between 61 and 70',61,70,81,0,0,0),(505,'between 71 and 80',71,80,81,0,0,0),(506,'above 80',81,100,81,0,0,0),(507,'above 100',100,120,81,0,0,0),(508,'above 200',200,300,81,0,0,0),(509,'under 4',0,4,82,0,0,0),(510,'between 5 and 10',5,10,82,0,0,0),(511,'between 11 and 20',11,20,82,0,0,0),(512,'between 21 and 30',21,30,82,0,0,0),(513,'between 31 and 40',31,40,82,0,0,0),(514,'between 41 and 50',41,50,82,0,0,0),(515,'between 51 and 60',51,60,82,0,0,0),(516,'between 61 and 70',61,70,82,0,0,0),(517,'between 71 and 80',71,80,82,0,0,0),(518,'above 80',81,100,82,0,0,0),(519,'above 100',100,120,82,0,0,0),(520,'above 200',200,300,82,0,0,0),(521,'under 4',0,4,83,0,0,0),(522,'between 5 and 10',5,10,83,0,0,0),(523,'between 11 and 20',11,20,83,0,0,0),(524,'between 21 and 30',21,30,83,0,0,0),(525,'between 31 and 40',31,40,83,0,0,0),(526,'between 41 and 50',41,50,83,0,0,0),(527,'between 51 and 60',51,60,83,0,0,0),(528,'between 61 and 70',61,70,83,0,0,0),(529,'between 71 and 80',71,80,83,0,0,0),(530,'above 80',81,100,83,0,0,0),(531,'above 100',100,120,83,0,0,0),(532,'above 200',200,300,83,0,0,0),(533,'under 4',0,4,84,0,0,0),(534,'between 5 and 10',5,10,84,0,0,0),(535,'between 11 and 20',11,20,84,0,0,0),(536,'between 21 and 30',21,30,84,0,0,0),(537,'between 31 and 40',31,40,84,0,0,0),(538,'between 41 and 50',41,50,84,0,0,0),(539,'between 51 and 60',51,60,84,0,0,0),(540,'between 61 and 70',61,70,84,0,0,0),(541,'between 71 and 80',71,80,84,0,0,0),(542,'above 80',81,100,84,0,0,0),(543,'above 100',100,120,84,0,0,0),(544,'above 200',200,300,84,0,0,0),(545,'under 4',0,4,85,0,0,0),(546,'between 5 and 10',5,10,85,0,0,0),(547,'between 11 and 20',11,20,85,0,0,0),(548,'between 21 and 30',21,30,85,0,0,0),(549,'between 31 and 40',31,40,85,0,0,0),(550,'between 41 and 50',41,50,85,0,0,0),(551,'between 51 and 60',51,60,85,0,0,0),(552,'between 61 and 70',61,70,85,0,0,0),(553,'between 71 and 80',71,80,85,0,0,0),(554,'above 80',81,100,85,0,0,0),(555,'above 100',100,120,85,0,0,0),(556,'above 200',200,300,85,0,0,0),(557,'under 4',0,4,86,100,0,0),(558,'between 5 and 10',5,10,86,0,0,0),(559,'between 11 and 20',11,20,86,0,0,0),(560,'between 21 and 30',21,30,86,0,0,0),(561,'between 31 and 40',31,40,86,0,0,0),(562,'between 41 and 50',41,50,86,0,0,0),(563,'between 51 and 60',51,60,86,0,0,0),(564,'between 61 and 70',61,70,86,0,0,0),(565,'between 71 and 80',71,80,86,0,0,0),(566,'above 80',81,100,86,0,0,0),(567,'above 100',100,120,86,0,0,0),(568,'above 200',200,300,86,0,0,0),(569,'under 4',0,4,87,0,0,0),(570,'between 5 and 10',5,10,87,0,0,0),(571,'between 11 and 20',11,20,87,0,0,0),(572,'between 21 and 30',21,30,87,0,0,0),(573,'between 31 and 40',31,40,87,0,0,0),(574,'between 41 and 50',41,50,87,0,0,0),(575,'between 51 and 60',51,60,87,0,0,0),(576,'between 61 and 70',61,70,87,0,0,0),(577,'between 71 and 80',71,80,87,0,0,0),(578,'above 80',81,100,87,0,0,0),(579,'above 100',100,120,87,0,0,0),(580,'above 200',200,300,87,0,0,0),(581,'Between 0 and 4',0,4,88,5,0,0),(582,'Between 5 and 10',5,10,88,10,0,0),(583,'Between 11 and 20',11,20,88,10,0,5),(584,'Between 21 and 30',21,30,88,17.5,0,40),(585,'between 31 and 40',31,40,88,17.5,0,70),(586,'between 41 and 50',41,50,88,15,0,60),(587,'between 51 and 60',51,60,88,10,0,50),(588,'between 61 and 70',61,70,88,7.5,0,20),(589,'Between 71 and 80',71,80,88,5,0,5),(590,'Between 81 and 100',81,100,88,2.5,0,0),(593,'under 4',0,4,89,20,NULL,0),(594,'between 5 and 10',5,10,89,10,NULL,0),(595,'between 11 and 20',11,20,89,20,NULL,0),(596,'between 21 and 30',21,30,89,10,NULL,0),(597,'between 31 and 40',31,40,89,5,NULL,0),(598,'between 41 and 50',41,50,89,5,NULL,0),(599,'between 51 and 60',51,60,89,10,NULL,0),(600,'between 61 and 70',61,70,89,10,NULL,0),(601,'between 71 and 80',71,80,89,10,NULL,0),(602,'above 80',81,100,89,0,NULL,0),(603,'above 100',100,120,89,0,NULL,0),(604,'above 200',200,300,89,0,NULL,0),(605,'Between 0 and 4',0,4,90,0,NULL,0),(606,'Between 5 and 10',5,10,90,0,NULL,0),(607,'Between 11 and 20',11,20,90,0,NULL,0),(608,'Between 21 and 30',21,30,90,0,NULL,0),(609,'Between 31 and 40',31,40,90,0,NULL,0),(610,'Between 41 and 50',41,50,90,0,NULL,0),(611,'Between 51 and 60',51,60,90,0,NULL,0),(612,'Between 61 and 70',61,70,90,0,NULL,0),(613,'Between 71 and 80',71,80,90,0,NULL,0),(614,'Between 81 and 100',81,100,90,0,NULL,0),(615,'Between 100 and 110',100,110,90,0,NULL,0),(616,'Between 0 and 4',0,4,91,3,NULL,0),(617,'Between 5 and 10',5,10,91,5,NULL,0),(618,'Between 11 and 20',11,20,91,12,NULL,2),(619,'Between 21 and 30',21,30,91,25,NULL,60),(620,'Between 31 and 40',31,40,91,25,NULL,50),(621,'Between 41 and 50',41,50,91,15,NULL,30),(622,'Between 51 and 60',51,60,91,10,NULL,10),(623,'Between 61 and 70',61,70,91,5,NULL,5),(624,'Between 71 and 80',71,80,91,0,NULL,0),(625,'Between 81 and 100',81,100,91,0,NULL,0),(626,'Between 100 and 110',100,110,91,0,NULL,0);
/*!40000 ALTER TABLE `humancityagetype` ENABLE KEYS */;
UNLOCK TABLES;

--
-- Table structure for table `humaneage`
--

DROP TABLE IF EXISTS `humaneage`;
/*!40101 SET @saved_cs_client     = @@character_set_client */;
/*!40101 SET character_set_client = utf8 */;
CREATE TABLE `humaneage` (
  `id` int(11) NOT NULL AUTO_INCREMENT,
  `name` varchar(50) DEFAULT NULL,
  `minAge` int(11) DEFAULT NULL,
  `maxAge` int(11) DEFAULT NULL,
  `modelId` int(11) DEFAULT NULL,
  PRIMARY KEY (`id`)
) ENGINE=InnoDB AUTO_INCREMENT=538 DEFAULT CHARSET=utf8;
/*!40101 SET character_set_client = @saved_cs_client */;

--
-- Dumping data for table `humaneage`
--

LOCK TABLES `humaneage` WRITE;
/*!40000 ALTER TABLE `humaneage` DISABLE KEYS */;
INSERT INTO `humaneage` VALUES (247,'Between 0 and 4',0,4,264),(248,'Between 5 and 10',5,10,264),(249,'Between 11 and 20',11,20,264),(250,'Between 21 and 30',21,30,264),(251,'Between 31 and 40',31,40,264),(252,'Between 41 and 50',41,50,264),(253,'Between 51 and 60',51,60,264),(254,'between 61 and 70',61,70,264),(255,'Between 71 and 80',71,80,264),(256,'Between 81 and 100',81,100,264),(259,'Between 0 and 4',0,4,265),(260,'Between 5 and 10',5,10,265),(261,'Between 11 and 20',11,20,265),(262,'Between 21 and 30',21,30,265),(263,'between 31 and 40',31,40,265),(264,'between 41 and 50',41,50,265),(265,'between 51 and 60',51,60,265),(266,'between 61 and 70',61,70,265),(267,'between 71 and 80',71,80,265),(268,'between 81 and 100',81,100,265),(269,'between 100 and 120',100,120,265),(270,'between 200 and 300',200,300,265),(271,'between 0 and 4',0,4,266),(272,'between 5 and 10',5,10,266),(273,'between 11 and 20',11,20,266),(274,'between 21 and 30',21,30,266),(275,'between 31 and 40',31,40,266),(276,'between 41 and 50',41,50,266),(277,'between 51 and 60',51,60,266),(278,'between 61 and 70',61,70,266),(279,'between 71 and 80',71,80,266),(280,'between 81 and 100',81,100,266),(281,'between 100 and 120',100,120,266),(282,'between 200 and 300',200,300,266),(283,'between 0 and 4',0,4,267),(284,'between 5 and 10',5,10,267),(285,'between 11 and 20',11,20,267),(286,'between 21 and 30',21,30,267),(287,'between 31 and 40',31,40,267),(288,'between 41 and 50',41,50,267),(289,'between 51 and 60',51,60,267),(290,'between 61 and 70',61,70,267),(291,'between 71 and 80',71,80,267),(292,'between 81 and 100',81,100,267),(293,'between 100 and 120',100,120,267),(294,'between 200 and 300',200,300,267),(295,'between 0 and 4',0,4,268),(296,'between 5 and 10',5,10,268),(297,'between 11 and 20',11,20,268),(298,'between 21 and 30',21,30,268),(299,'between 31 and 40',31,40,268),(300,'between 41 and 50',41,50,268),(301,'between 51 and 60',51,60,268),(302,'between 61 and 70',61,70,268),(303,'between 71 and 80',71,80,268),(304,'between 81 and 100',81,100,268),(305,'between 100 and 120',100,120,268),(306,'between 200 and 300',200,300,268),(307,'between 0 and 4',0,4,269),(308,'between 5 and 10',5,10,269),(309,'between 11 and 20',11,20,269),(310,'between 21 and 30',21,30,269),(311,'between 31 and 40',31,40,269),(312,'between 41 and 50',41,50,269),(313,'between 51 and 60',51,60,269),(314,'between 61 and 70',61,70,269),(315,'between 71 and 80',71,80,269),(316,'between 81 and 100',81,100,269),(317,'between 0 and 4',0,4,270),(318,'between 5 and 10',5,10,270),(319,'between 11 and 20',11,20,270),(320,'between 21 and 30',21,30,270),(321,'between 31 and 40',31,40,270),(322,'between 41 and 50',41,50,270),(323,'between 51 and 60',51,60,270),(324,'between 61 and 70',61,70,270),(325,'between 71 and 80',71,80,270),(326,'between 81 and 100',81,100,270),(327,'between 0 and 4',0,4,271),(328,'between 5 and 10',5,10,271),(329,'between 11 and 20',11,20,271),(330,'between 21 and 30',21,30,271),(331,'between 31 and 40',31,40,271),(332,'between 41 and 50',41,50,271),(333,'between 51 and 60',51,60,271),(334,'between 61 and 70',61,70,271),(335,'between 71 and 80',71,80,271),(336,'between 81 and 100',81,100,271),(337,'between 0 and 4',0,4,272),(338,'between 5 and 10',5,10,272),(339,'between 11 and 20',11,20,272),(340,'between 21 and 30',21,30,272),(341,'between 31 and 40',31,40,272),(342,'between 41 and 50',41,50,272),(343,'between 51 and 60',51,60,272),(344,'between 61 and 70',61,70,272),(345,'between 71 and 80',71,80,272),(346,'between 81 and 100',81,100,272),(347,'between 0 and 4',0,4,273),(348,'between 5 and 10',5,10,273),(349,'between 11 and 20',11,20,273),(350,'between 21 and 30',21,30,273),(351,'between 31 and 40',31,40,273),(352,'between 41 and 50',41,50,273),(353,'between 51 and 60',51,60,273),(354,'between 61 and 70',61,70,273),(355,'between 71 and 80',71,80,273),(356,'between 81 and 100',81,100,273),(357,'between 0 and 4',0,4,274),(358,'between 5 and 10',5,10,274),(359,'between 11 and 20',11,20,274),(360,'between 21 and 30',21,30,274),(361,'between 31 and 40',31,40,274),(362,'between 41 and 50',41,50,274),(363,'between 51 and 60',51,60,274),(364,'between 61 and 70',61,70,274),(365,'between 71 and 80',71,80,274),(366,'between 81 and 100',81,100,274),(367,'between 0 and 4',0,4,275),(368,'between 5 and 10',5,10,275),(369,'between 11 and 20',11,20,275),(370,'between 21 and 30',21,30,275),(371,'between 31 and 40',31,40,275),(372,'between 41 and 50',41,50,275),(373,'between 51 and 60',51,60,275),(374,'between 61 and 70',61,70,275),(375,'between 71 and 80',71,80,275),(376,'between 81 and 100',81,100,275),(377,'between 0 and 4',0,4,276),(378,'between 5 and 10',5,10,276),(379,'between 11 and 20',11,20,276),(380,'between 21 and 30',21,30,276),(381,'between 31 and 40',31,40,276),(382,'between 41 and 50',41,50,276),(383,'between 51 and 60',51,60,276),(384,'between 61 and 70',61,70,276),(385,'between 71 and 80',71,80,276),(386,'between 81 and 100',81,100,276),(387,'between 0 and 4',0,4,277),(388,'between 5 and 10',5,10,277),(389,'between 11 and 20',11,20,277),(390,'between 21 and 30',21,30,277),(391,'between 31 and 40',31,40,277),(392,'between 41 and 50',41,50,277),(393,'between 51 and 60',51,60,277),(394,'between 61 and 70',61,70,277),(395,'between 71 and 80',71,80,277),(396,'between 81 and 100',81,100,277),(397,'between 0 and 4',0,4,278),(398,'between 5 and 10',5,10,278),(399,'between 11 and 20',11,20,278),(400,'between 21 and 30',21,30,278),(401,'between 31 and 40',31,40,278),(402,'between 41 and 50',41,50,278),(403,'between 51 and 60',51,60,278),(404,'between 61 and 70',61,70,278),(405,'between 71 and 80',71,80,278),(406,'between 81 and 100',81,100,278),(407,'between 0 and 4',0,4,279),(408,'between 5 and 10',5,10,279),(409,'between 11 and 20',11,20,279),(410,'between 21 and 30',21,30,279),(411,'between 31 and 40',31,40,279),(412,'between 41 and 50',41,50,279),(413,'between 51 and 60',51,60,279),(414,'between 61 and 70',61,70,279),(415,'between 71 and 80',71,80,279),(416,'between 81 and 100',81,100,279),(417,'between 0 and 4',0,4,280),(418,'between 5 and 10',5,10,280),(419,'between 11 and 20',11,20,280),(420,'between 21 and 30',21,30,280),(421,'between 31 and 40',31,40,280),(422,'between 41 and 50',41,50,280),(423,'between 51 and 60',51,60,280),(424,'between 61 and 70',61,70,280),(425,'between 71 and 80',71,80,280),(426,'between 81 and 100',81,100,280),(427,'between 0 and 4',0,4,281),(428,'between 5 and 10',5,10,281),(429,'between 11 and 20',11,20,281),(430,'between 21 and 30',21,30,281),(431,'between 31 and 40',31,40,281),(432,'between 41 and 50',41,50,281),(433,'between 51 and 60',51,60,281),(434,'between 61 and 70',61,70,281),(435,'between 71 and 80',71,80,281),(436,'between 81 and 100',81,100,281),(437,'between 0 and 4',0,4,282),(438,'between 5 and 10',5,10,282),(439,'between 11 and 20',11,20,282),(440,'between 21 and 30',21,30,282),(441,'between 31 and 40',31,40,282),(442,'between 41 and 50',41,50,282),(443,'between 51 and 60',51,60,282),(444,'between 61 and 70',61,70,282),(445,'between 71 and 80',71,80,282),(446,'between 81 and 100',81,100,282),(447,'Between 0 and 4',0,4,283),(448,'Between 5 and 10',5,10,283),(449,'Between 11 and 20',11,20,283),(450,'Between 21 and 30',21,30,283),(451,'Between 31 and 40',31,40,283),(452,'Between 41 and 50',41,50,283),(453,'Between 51 and 60',51,60,283),(454,'Between 61 and 70',61,70,283),(455,'Between 71 and 80',71,80,283),(456,'Between 81 and 100',81,100,283),(457,'Between 100 and 110',100,110,283),(458,'Between 0 and 4',0,4,284),(459,'Between 5 and 10',5,10,284),(460,'Between 11 and 20',11,20,284),(461,'Between 21 and 30',21,30,284),(462,'Between 31 and 40',31,40,284),(463,'Between 41 and 50',41,50,284),(464,'Between 51 and 60',51,60,284),(465,'Between 61 and 70',61,70,284),(466,'Between 71 and 80',71,80,284),(467,'Between 81 and 100',81,100,284),(468,'Between 0 and 4',0,4,285),(469,'Between 5 and 10',5,10,285),(470,'Between 11 and 20',11,20,285),(471,'Between 21 and 30',21,30,285),(472,'Between 31 and 40',31,40,285),(473,'Between 41 and 50',41,50,285),(474,'Between 51 and 60',51,60,285),(475,'Between 61 and 70',61,70,285),(476,'Between 71 and 80',71,80,285),(477,'Between 81 and 100',81,100,285),(478,'Between 0 and 4',0,4,286),(479,'Between 5 and 10',5,10,286),(480,'Between 11 and 20',11,20,286),(481,'Between 21 and 30',21,30,286),(482,'Between 31 and 40',31,40,286),(483,'Between 41 and 50',41,50,286),(484,'Between 51 and 60',51,60,286),(485,'Between 61 and 70',61,70,286),(486,'Between 71 and 80',71,80,286),(487,'Between 81 and 100',81,100,286),(488,'Between 0 and 4',0,4,287),(489,'Between 5 and 10',5,10,287),(490,'Between 11 and 20',11,20,287),(491,'Between 21 and 30',21,30,287),(492,'Between 31 and 40',31,40,287),(493,'Between 41 and 50',41,50,287),(494,'Between 51 and 60',51,60,287),(495,'Between 61 and 70',61,70,287),(496,'Between 71 and 80',71,80,287),(497,'Between 81 and 100',81,100,287),(498,'Between 0 and 4',0,4,288),(499,'Between 5 and 10',5,10,288),(500,'Between 11 and 20',11,20,288),(501,'Between 21 and 30',21,30,288),(502,'Between 31 and 40',31,40,288),(503,'Between 41 and 50',41,50,288),(504,'Between 51 and 60',51,60,288),(505,'Between 61 and 70',61,70,288),(506,'Between 71 and 80',71,80,288),(507,'Between 81 and 100',81,100,288),(508,'Between 0 and 4',0,4,289),(509,'Between 5 and 10',5,10,289),(510,'Between 11 and 20',11,20,289),(511,'Between 21 and 30',21,30,289),(512,'Between 31 and 40',31,40,289),(513,'Between 41 and 50',41,50,289),(514,'Between 51 and 60',51,60,289),(515,'Between 61 and 70',61,70,289),(516,'Between 71 and 80',71,80,289),(517,'Between 81 and 100',81,100,289),(518,'Between 0 and 4',0,4,290),(519,'Between 5 and 10',5,10,290),(520,'Between 11 and 20',11,20,290),(521,'Between 21 and 30',21,30,290),(522,'Between 31 and 40',31,40,290),(523,'Between 41 and 50',41,50,290),(524,'Between 51 and 60',51,60,290),(525,'Between 61 and 70',61,70,290),(526,'Between 71 and 80',71,80,290),(527,'Between 81 and 100',81,100,290),(528,'Between 0 and 4',0,4,291),(529,'Between 5 and 10',5,10,291),(530,'Between 11 and 20',11,20,291),(531,'Between 21 and 30',21,30,291),(532,'Between 31 and 40',31,40,291),(533,'Between 41 and 50',41,50,291),(534,'Between 51 and 60',51,60,291),(535,'Between 61 and 70',61,70,291),(536,'Between 71 and 80',71,80,291),(537,'Between 81 and 100',81,100,291);
/*!40000 ALTER TABLE `humaneage` ENABLE KEYS */;
UNLOCK TABLES;

--
-- Table structure for table `humanstate`
--

DROP TABLE IF EXISTS `humanstate`;
/*!40101 SET @saved_cs_client     = @@character_set_client */;
/*!40101 SET character_set_client = utf8 */;
CREATE TABLE `humanstate` (
  `id` int(11) NOT NULL AUTO_INCREMENT,
  `name` varchar(50) DEFAULT NULL,
  `colorName` varchar(50) DEFAULT NULL,
  `symptomStageId` int(11) DEFAULT NULL,
  PRIMARY KEY (`id`),
  KEY `symptomStageId` (`symptomStageId`),
  CONSTRAINT `humanstate_ibfk_1` FOREIGN KEY (`symptomStageId`) REFERENCES `symptomstagesmodel` (`id`)
) ENGINE=InnoDB DEFAULT CHARSET=utf8;
/*!40101 SET character_set_client = @saved_cs_client */;

--
-- Dumping data for table `humanstate`
--

LOCK TABLES `humanstate` WRITE;
/*!40000 ALTER TABLE `humanstate` DISABLE KEYS */;
/*!40000 ALTER TABLE `humanstate` ENABLE KEYS */;
UNLOCK TABLES;

--
-- Table structure for table `humanstatename`
--

DROP TABLE IF EXISTS `humanstatename`;
/*!40101 SET @saved_cs_client     = @@character_set_client */;
/*!40101 SET character_set_client = utf8 */;
CREATE TABLE `humanstatename` (
  `id` int(11) NOT NULL AUTO_INCREMENT,
  `name` varchar(50) DEFAULT NULL,
  `color` varchar(45) DEFAULT NULL,
  PRIMARY KEY (`id`)
) ENGINE=InnoDB AUTO_INCREMENT=6 DEFAULT CHARSET=utf8;
/*!40101 SET character_set_client = @saved_cs_client */;

--
-- Dumping data for table `humanstatename`
--

LOCK TABLES `humanstatename` WRITE;
/*!40000 ALTER TABLE `humanstatename` DISABLE KEYS */;
INSERT INTO `humanstatename` VALUES (1,'Health','Green'),(2,'Sick','Red'),(3,'infected','Orange'),(4,'death','Black'),(5,'immune','Green');
/*!40000 ALTER TABLE `humanstatename` ENABLE KEYS */;
UNLOCK TABLES;

--
-- Table structure for table `locationcategories`
--

DROP TABLE IF EXISTS `locationcategories`;
/*!40101 SET @saved_cs_client     = @@character_set_client */;
/*!40101 SET character_set_client = utf8 */;
CREATE TABLE `locationcategories` (
  `id` int(10) NOT NULL AUTO_INCREMENT,
  `name` varchar(255) NOT NULL,
  `cityid` int(100) NOT NULL,
  `kind` varchar(45) DEFAULT NULL,
  `quantity` int(11) DEFAULT NULL,
  `percentageToBeSick` double DEFAULT NULL,
  `openTime` int(11) DEFAULT NULL,
  `closeTime` int(11) DEFAULT NULL,
  `days` varchar(200) DEFAULT NULL,
  `fixed` tinyint(4) DEFAULT NULL,
  PRIMARY KEY (`id`),
  UNIQUE KEY `id` (`id`),
  KEY `FKlocationCa697528` (`cityid`),
  CONSTRAINT `FKlocationCa697528` FOREIGN KEY (`cityid`) REFERENCES `cities` (`id`)
) ENGINE=InnoDB AUTO_INCREMENT=117 DEFAULT CHARSET=utf8;
/*!40101 SET character_set_client = @saved_cs_client */;

--
-- Dumping data for table `locationcategories`
--

LOCK TABLES `locationcategories` WRITE;
/*!40000 ALTER TABLE `locationcategories` DISABLE KEYS */;
INSERT INTO `locationcategories` VALUES (73,'school',74,'School',2,50,7,14,'Monday ',1),(74,'house',74,'House',50,50,0,0,'',0),(75,'hospital',74,'Hospital',2,50,0,23,'Monday Friday Tuesday Saturday Wednesday Sunday Thursday ',1),(76,'university',74,'University',2,50,7,18,'Monday Tuesday Wednesday Thursday Friday ',1),(77,'restaurant',74,'Restaurant',2,50,9,22,'Monday Tuesday Wednesday Thursday Friday Saturday Sunday ',0),(78,'house1',74,'House',50,50,0,0,'',0),(81,'factory',74,'Factory',3,50,7,15,'Monday Tuesday Wednesday Thursday Friday ',0),(82,'csfefefe',77,'Hospital',2,50,0,0,'Monday Saturday Friday Sunday Thursday ',0),(83,'grgrg',77,'House',50,50,0,0,'',0),(84,'defefef',77,'House',20,50,0,0,'',0),(85,'lkjhg',83,'School',2,50,0,0,'',0),(86,'dvdvd',83,'Hospital',5,50,0,0,'',0),(87,'lkojihugy',83,'University',2,50,0,0,'',0),(88,'hello',83,'House',50,50,0,0,'',0),(89,'mosque',88,'Mosque',1,50,0,0,' ',0),(90,'supermarket',88,'SuperMarket',2,50,0,0,' ',0),(91,'school',88,'School',2,50,0,0,' ',0),(92,'house',88,'House',100,50,0,0,' ',0),(93,'university',88,'University',1,50,0,0,' ',0),(94,'factory',88,'Factory',1,50,0,0,' ',0),(95,'Church',88,'Church',1,50,0,0,' ',0),(96,'restaurant',88,'Restaurant',2,50,0,0,' ',0),(97,'house',89,'House',100,50,NULL,NULL,NULL,NULL),(98,'school',89,'School',2,50,NULL,NULL,NULL,NULL),(101,'hospital',88,'Hospital',2,50,NULL,NULL,NULL,NULL),(102,'supermarket1',88,'SuperMarket',1,50,NULL,NULL,NULL,NULL),(104,'house4',88,'House',100,50,NULL,NULL,NULL,NULL),(106,'supermarket',91,'SuperMarket',1,0,NULL,NULL,NULL,NULL),(107,'School',91,'School',2,0,NULL,NULL,NULL,NULL),(108,'house',91,'House',300,0,NULL,NULL,NULL,NULL),(109,'University',91,'University',1,0,NULL,NULL,NULL,NULL),(110,'Hospital',91,'Hospital',1,0,NULL,NULL,NULL,NULL),(111,'Church',91,'Church',2,0,NULL,NULL,NULL,NULL),(112,'Mall',91,'SuperMarket',2,0,NULL,NULL,NULL,NULL),(113,'Restaurant',91,'Restaurant',2,0,NULL,NULL,NULL,NULL),(114,'Factory',91,'Factory',1,0,NULL,NULL,NULL,NULL),(115,'House 1',88,'House',100,0,NULL,NULL,NULL,NULL),(116,'House 3',88,'House',100,0,NULL,NULL,NULL,NULL);
/*!40000 ALTER TABLE `locationcategories` ENABLE KEYS */;
UNLOCK TABLES;

--
-- Table structure for table `locationtogo`
--

DROP TABLE IF EXISTS `locationtogo`;
/*!40101 SET @saved_cs_client     = @@character_set_client */;
/*!40101 SET character_set_client = utf8 */;
CREATE TABLE `locationtogo` (
  `id` int(11) NOT NULL AUTO_INCREMENT,
  `name` varchar(50) DEFAULT NULL,
  `percentage` double DEFAULT NULL,
  `ageId` int(11) DEFAULT NULL,
  PRIMARY KEY (`id`),
  KEY `ageId` (`ageId`),
  CONSTRAINT `locationtogo_ibfk_1` FOREIGN KEY (`ageId`) REFERENCES `humancityagetype` (`id`)
) ENGINE=InnoDB AUTO_INCREMENT=3206 DEFAULT CHARSET=utf8;
/*!40101 SET character_set_client = @saved_cs_client */;

--
-- Dumping data for table `locationtogo`
--

LOCK TABLES `locationtogo` WRITE;
/*!40000 ALTER TABLE `locationtogo` DISABLE KEYS */;
INSERT INTO `locationtogo` VALUES (1562,'University',0,413),(1563,'School',0,413),(1569,'University',0,414),(1570,'School',80,414),(1576,'University',10,415),(1577,'School',70,415),(1583,'University',60,416),(1584,'School',0,416),(1590,'University',3,417),(1591,'School',0,417),(1597,'University',4,418),(1598,'School',0,418),(1604,'University',2,419),(1605,'School',0,419),(1611,'University',3,420),(1612,'School',0,420),(1618,'University',0,421),(1619,'School',0,421),(1625,'University',0,422),(1626,'School',0,422),(1632,'University',0,423),(1633,'School',0,423),(1639,'University',0,424),(1640,'School',0,424),(1742,'University',0,437),(1743,'School',0,437),(1750,'University',0,438),(1751,'School',0,438),(1758,'University',0,439),(1759,'School',0,439),(1766,'University',0,440),(1767,'School',0,440),(1774,'University',0,441),(1775,'School',0,441),(1782,'University',0,442),(1783,'School',0,442),(1790,'University',0,443),(1791,'School',0,443),(1798,'University',0,444),(1799,'School',0,444),(1806,'University',0,445),(1807,'School',0,445),(1814,'University',0,446),(1815,'School',0,446),(1822,'University',0,447),(1823,'School',0,447),(1830,'University',0,448),(1831,'School',0,448),(1838,'University',0,449),(1839,'School',0,449),(1846,'University',0,450),(1847,'School',0,450),(1854,'University',0,451),(1855,'School',0,451),(1862,'University',0,452),(1863,'School',0,452),(1870,'University',0,453),(1871,'School',0,453),(1878,'University',0,454),(1879,'School',0,454),(1886,'University',0,455),(1887,'School',0,455),(1894,'University',0,456),(1895,'School',0,456),(1902,'University',0,457),(1903,'School',0,457),(1910,'University',0,458),(1911,'School',0,458),(1918,'University',0,459),(1919,'School',0,459),(1926,'University',0,460),(1927,'School',0,460),(1934,'University',0,461),(1935,'School',0,461),(1942,'University',0,462),(1943,'School',0,462),(1950,'University',0,463),(1951,'School',0,463),(1958,'University',0,464),(1959,'School',0,464),(1966,'University',0,465),(1967,'School',0,465),(1974,'University',0,466),(1975,'School',0,466),(1982,'University',0,467),(1983,'School',0,467),(1990,'University',0,468),(1991,'School',0,468),(1998,'University',0,469),(1999,'School',0,469),(2006,'University',0,470),(2007,'School',0,470),(2014,'University',0,471),(2015,'School',0,471),(2022,'University',0,472),(2023,'School',0,472),(2030,'University',0,473),(2031,'School',0,473),(2038,'University',0,474),(2039,'School',0,474),(2046,'University',0,475),(2047,'School',0,475),(2054,'University',0,476),(2055,'School',0,476),(2062,'University',0,477),(2063,'School',0,477),(2070,'University',0,478),(2071,'School',0,478),(2078,'University',0,479),(2079,'School',0,479),(2086,'University',0,480),(2087,'School',0,480),(2094,'University',0,481),(2095,'School',0,481),(2102,'University',0,482),(2103,'School',0,482),(2110,'University',0,483),(2111,'School',0,483),(2118,'University',0,484),(2119,'School',0,484),(2126,'University',0,485),(2127,'School',0,485),(2134,'University',0,486),(2135,'School',0,486),(2142,'University',0,487),(2143,'School',0,487),(2150,'University',0,488),(2151,'School',0,488),(2158,'University',0,489),(2159,'School',0,489),(2166,'University',0,490),(2167,'School',0,490),(2174,'University',0,491),(2175,'School',0,491),(2182,'University',0,492),(2183,'School',0,492),(2190,'University',0,493),(2191,'School',0,493),(2198,'University',0,494),(2199,'School',0,494),(2206,'University',0,495),(2207,'School',0,495),(2214,'University',0,496),(2215,'School',0,496),(2222,'University',0,497),(2223,'School',0,497),(2230,'University',0,498),(2231,'School',0,498),(2238,'University',0,499),(2239,'School',0,499),(2246,'University',0,500),(2247,'School',0,500),(2254,'University',0,501),(2255,'School',0,501),(2262,'University',0,502),(2263,'School',0,502),(2270,'University',0,503),(2271,'School',0,503),(2278,'University',0,504),(2279,'School',0,504),(2286,'University',0,505),(2287,'School',0,505),(2294,'University',0,506),(2295,'School',0,506),(2302,'University',0,507),(2303,'School',0,507),(2310,'University',0,508),(2311,'School',0,508),(2318,'University',0,509),(2319,'School',0,509),(2326,'University',0,510),(2327,'School',0,510),(2334,'University',0,511),(2335,'School',0,511),(2342,'University',0,512),(2343,'School',0,512),(2350,'University',0,513),(2351,'School',0,513),(2358,'University',0,514),(2359,'School',0,514),(2366,'University',0,515),(2367,'School',0,515),(2374,'University',0,516),(2375,'School',0,516),(2382,'University',0,517),(2383,'School',0,517),(2390,'University',0,518),(2391,'School',0,518),(2398,'University',0,519),(2399,'School',0,519),(2406,'University',0,520),(2407,'School',0,520),(2414,'University',0,521),(2415,'School',0,521),(2422,'University',0,522),(2423,'School',0,522),(2430,'University',0,523),(2431,'School',0,523),(2438,'University',0,524),(2439,'School',0,524),(2446,'University',0,525),(2447,'School',0,525),(2454,'University',0,526),(2455,'School',0,526),(2462,'University',0,527),(2463,'School',0,527),(2470,'University',0,528),(2471,'School',0,528),(2478,'University',0,529),(2479,'School',0,529),(2486,'University',0,530),(2487,'School',0,530),(2494,'University',0,531),(2495,'School',0,531),(2502,'University',0,532),(2503,'School',0,532),(2510,'University',0,533),(2511,'School',0,533),(2518,'University',0,534),(2519,'School',0,534),(2526,'University',0,535),(2527,'School',0,535),(2534,'University',0,536),(2535,'School',0,536),(2542,'University',0,537),(2543,'School',0,537),(2550,'University',0,538),(2551,'School',0,538),(2558,'University',0,539),(2559,'School',0,539),(2566,'University',0,540),(2567,'School',0,540),(2574,'University',0,541),(2575,'School',0,541),(2582,'University',0,542),(2583,'School',0,542),(2590,'University',0,543),(2591,'School',0,543),(2598,'University',0,544),(2599,'School',0,544),(2600,'University',0,545),(2601,'School',0,545),(2602,'Church',0,545),(2603,'Mosque',0,545),(2604,'Restaurant',0,545),(2605,'Shop',0,545),(2606,'Factory',0,545),(2607,'University',0,546),(2608,'School',0,546),(2609,'Church',0,546),(2610,'Mosque',0,546),(2611,'Restaurant',0,546),(2612,'Shop',0,546),(2613,'Factory',0,546),(2614,'University',0,547),(2615,'School',0,547),(2616,'Church',0,547),(2617,'Mosque',0,547),(2618,'Restaurant',0,547),(2619,'Shop',0,547),(2620,'Factory',0,547),(2621,'University',0,548),(2622,'School',0,548),(2623,'Church',0,548),(2624,'Mosque',0,548),(2625,'Restaurant',0,548),(2626,'Shop',0,548),(2627,'Factory',0,548),(2628,'University',0,549),(2629,'School',0,549),(2630,'Church',0,549),(2631,'Mosque',0,549),(2632,'Restaurant',0,549),(2633,'Shop',0,549),(2634,'Factory',0,549),(2635,'University',0,550),(2636,'School',0,550),(2637,'Church',0,550),(2638,'Mosque',0,550),(2639,'Restaurant',0,550),(2640,'Shop',0,550),(2641,'Factory',0,550),(2642,'University',0,551),(2643,'School',0,551),(2644,'Church',0,551),(2645,'Mosque',0,551),(2646,'Restaurant',0,551),(2647,'Shop',0,551),(2648,'Factory',0,551),(2649,'University',0,552),(2650,'School',0,552),(2651,'Church',0,552),(2652,'Mosque',0,552),(2653,'Restaurant',0,552),(2654,'Shop',0,552),(2655,'Factory',0,552),(2656,'University',0,553),(2657,'School',0,553),(2658,'Church',0,553),(2659,'Mosque',0,553),(2660,'Restaurant',0,553),(2661,'Shop',0,553),(2662,'Factory',0,553),(2663,'University',0,554),(2664,'School',0,554),(2665,'Church',0,554),(2666,'Mosque',0,554),(2667,'Restaurant',0,554),(2668,'Shop',0,554),(2669,'Factory',0,554),(2670,'University',0,555),(2671,'School',0,555),(2672,'Church',0,555),(2673,'Mosque',0,555),(2674,'Restaurant',0,555),(2675,'Shop',0,555),(2676,'Factory',0,555),(2677,'University',0,556),(2678,'School',0,556),(2679,'Church',0,556),(2680,'Mosque',0,556),(2681,'Restaurant',0,556),(2682,'Shop',0,556),(2683,'Factory',0,556),(2684,'University',0,557),(2685,'School',0,557),(2686,'Church',0,557),(2687,'Mosque',0,557),(2688,'Restaurant',0,557),(2689,'Shop',0,557),(2690,'Factory',0,557),(2691,'University',0,558),(2692,'School',0,558),(2693,'Church',0,558),(2694,'Mosque',0,558),(2695,'Restaurant',0,558),(2696,'Shop',0,558),(2697,'Factory',0,558),(2698,'University',0,559),(2699,'School',0,559),(2700,'Church',0,559),(2701,'Mosque',0,559),(2702,'Restaurant',0,559),(2703,'Shop',0,559),(2704,'Factory',0,559),(2705,'University',0,560),(2706,'School',0,560),(2707,'Church',0,560),(2708,'Mosque',0,560),(2709,'Restaurant',0,560),(2710,'Shop',0,560),(2711,'Factory',0,560),(2712,'University',0,561),(2713,'School',0,561),(2714,'Church',0,561),(2715,'Mosque',0,561),(2716,'Restaurant',0,561),(2717,'Shop',0,561),(2718,'Factory',0,561),(2719,'University',0,562),(2720,'School',0,562),(2721,'Church',0,562),(2722,'Mosque',0,562),(2723,'Restaurant',0,562),(2724,'Shop',0,562),(2725,'Factory',0,562),(2726,'University',0,563),(2727,'School',0,563),(2728,'Church',0,563),(2729,'Mosque',0,563),(2730,'Restaurant',0,563),(2731,'Shop',0,563),(2732,'Factory',0,563),(2733,'University',0,564),(2734,'School',0,564),(2735,'Church',0,564),(2736,'Mosque',0,564),(2737,'Restaurant',0,564),(2738,'Shop',0,564),(2739,'Factory',0,564),(2740,'University',0,565),(2741,'School',0,565),(2742,'Church',0,565),(2743,'Mosque',0,565),(2744,'Restaurant',0,565),(2745,'Shop',0,565),(2746,'Factory',0,565),(2747,'University',0,566),(2748,'School',0,566),(2749,'Church',0,566),(2750,'Mosque',0,566),(2751,'Restaurant',0,566),(2752,'Shop',0,566),(2753,'Factory',0,566),(2754,'University',0,567),(2755,'School',0,567),(2756,'Church',0,567),(2757,'Mosque',0,567),(2758,'Restaurant',0,567),(2759,'Shop',0,567),(2760,'Factory',0,567),(2761,'University',0,568),(2762,'School',0,568),(2763,'Church',0,568),(2764,'Mosque',0,568),(2765,'Restaurant',0,568),(2766,'Shop',0,568),(2767,'Factory',0,568),(2768,'University',0,569),(2769,'School',0,569),(2770,'Church',0,569),(2771,'Mosque',0,569),(2772,'Restaurant',0,569),(2773,'Shop',0,569),(2774,'Factory',0,569),(2775,'University',0,570),(2776,'School',0,570),(2777,'Church',0,570),(2778,'Mosque',0,570),(2779,'Restaurant',0,570),(2780,'Shop',0,570),(2781,'Factory',0,570),(2782,'University',0,571),(2783,'School',0,571),(2784,'Church',0,571),(2785,'Mosque',0,571),(2786,'Restaurant',0,571),(2787,'Shop',0,571),(2788,'Factory',0,571),(2789,'University',0,572),(2790,'School',0,572),(2791,'Church',0,572),(2792,'Mosque',0,572),(2793,'Restaurant',0,572),(2794,'Shop',0,572),(2795,'Factory',0,572),(2796,'University',0,573),(2797,'School',0,573),(2798,'Church',0,573),(2799,'Mosque',0,573),(2800,'Restaurant',0,573),(2801,'Shop',0,573),(2802,'Factory',0,573),(2803,'University',0,574),(2804,'School',0,574),(2805,'Church',0,574),(2806,'Mosque',0,574),(2807,'Restaurant',0,574),(2808,'Shop',0,574),(2809,'Factory',0,574),(2810,'University',0,575),(2811,'School',0,575),(2812,'Church',0,575),(2813,'Mosque',0,575),(2814,'Restaurant',0,575),(2815,'Shop',0,575),(2816,'Factory',0,575),(2817,'University',0,576),(2818,'School',0,576),(2819,'Church',0,576),(2820,'Mosque',0,576),(2821,'Restaurant',0,576),(2822,'Shop',0,576),(2823,'Factory',0,576),(2824,'University',0,577),(2825,'School',0,577),(2826,'Church',0,577),(2827,'Mosque',0,577),(2828,'Restaurant',0,577),(2829,'Shop',0,577),(2830,'Factory',0,577),(2831,'University',0,578),(2832,'School',0,578),(2833,'Church',0,578),(2834,'Mosque',0,578),(2835,'Restaurant',0,578),(2836,'Shop',0,578),(2837,'Factory',0,578),(2838,'University',0,579),(2839,'School',0,579),(2840,'Church',0,579),(2841,'Mosque',0,579),(2842,'Restaurant',0,579),(2843,'Shop',0,579),(2844,'Factory',0,579),(2845,'University',0,580),(2846,'School',0,580),(2847,'Church',0,580),(2848,'Mosque',0,580),(2849,'Restaurant',0,580),(2850,'Shop',0,580),(2851,'Factory',0,580),(2852,'University',0,581),(2853,'School',0,581),(2854,'Church',5,581),(2855,'Mosque',4,581),(2856,'Restaurant',5,581),(2857,'Shop',5,581),(2858,'Factory',0,581),(2859,'University',0,582),(2860,'School',50,582),(2861,'Church',50,582),(2862,'Mosque',50,582),(2863,'Restaurant',30,582),(2864,'Shop',10,582),(2865,'Factory',0,582),(2866,'University',20,583),(2867,'School',90,583),(2868,'Church',50,583),(2869,'Mosque',50,583),(2870,'Restaurant',50,583),(2871,'Shop',20,583),(2872,'Factory',0,583),(2873,'University',40,584),(2874,'School',5,584),(2875,'Church',50,584),(2876,'Mosque',50,584),(2877,'Restaurant',50,584),(2878,'Shop',30,584),(2879,'Factory',20,584),(2880,'University',5,585),(2881,'School',0,585),(2882,'Church',40,585),(2883,'Mosque',40,585),(2884,'Restaurant',50,585),(2885,'Shop',40,585),(2886,'Factory',30,585),(2887,'University',0,586),(2888,'School',0,586),(2889,'Church',40,586),(2890,'Mosque',40,586),(2891,'Restaurant',50,586),(2892,'Shop',40,586),(2893,'Factory',20,586),(2894,'University',0,587),(2895,'School',0,587),(2896,'Church',50,587),(2897,'Mosque',50,587),(2898,'Restaurant',60,587),(2899,'Shop',40,587),(2900,'Factory',30,587),(2901,'University',0,588),(2902,'School',0,588),(2903,'Church',60,588),(2904,'Mosque',60,588),(2905,'Restaurant',60,588),(2906,'Shop',50,588),(2907,'Factory',20,588),(2908,'University',0,589),(2909,'School',0,589),(2910,'Church',70,589),(2911,'Mosque',70,589),(2912,'Restaurant',60,589),(2913,'Shop',50,589),(2914,'Factory',10,589),(2915,'University',0,590),(2916,'School',0,590),(2917,'Church',10,590),(2918,'Mosque',10,590),(2919,'Restaurant',10,590),(2920,'Shop',5,590),(2921,'Factory',0,590),(2936,'University',0,593),(2937,'School',0,593),(2938,'Church',0,593),(2939,'Mosque',0,593),(2940,'Restaurant',0,593),(2941,'Shop',0,593),(2942,'Factory',0,593),(2943,'University',0,594),(2944,'School',0,594),(2945,'Church',0,594),(2946,'Mosque',0,594),(2947,'Restaurant',0,594),(2948,'Shop',0,594),(2949,'Factory',0,594),(2950,'University',0,595),(2951,'School',0,595),(2952,'Church',0,595),(2953,'Mosque',0,595),(2954,'Restaurant',0,595),(2955,'Shop',0,595),(2956,'Factory',0,595),(2957,'University',0,596),(2958,'School',0,596),(2959,'Church',0,596),(2960,'Mosque',0,596),(2961,'Restaurant',0,596),(2962,'Shop',0,596),(2963,'Factory',0,596),(2964,'University',0,597),(2965,'School',0,597),(2966,'Church',0,597),(2967,'Mosque',0,597),(2968,'Restaurant',0,597),(2969,'Shop',0,597),(2970,'Factory',0,597),(2971,'University',0,598),(2972,'School',0,598),(2973,'Church',0,598),(2974,'Mosque',0,598),(2975,'Restaurant',0,598),(2976,'Shop',0,598),(2977,'Factory',0,598),(2978,'University',0,599),(2979,'School',0,599),(2980,'Church',0,599),(2981,'Mosque',0,599),(2982,'Restaurant',0,599),(2983,'Shop',0,599),(2984,'Factory',0,599),(2985,'University',0,600),(2986,'School',0,600),(2987,'Church',0,600),(2988,'Mosque',0,600),(2989,'Restaurant',0,600),(2990,'Shop',0,600),(2991,'Factory',0,600),(2992,'University',0,601),(2993,'School',0,601),(2994,'Church',0,601),(2995,'Mosque',0,601),(2996,'Restaurant',0,601),(2997,'Shop',0,601),(2998,'Factory',0,601),(2999,'University',0,602),(3000,'School',0,602),(3001,'Church',0,602),(3002,'Mosque',0,602),(3003,'Restaurant',0,602),(3004,'Shop',0,602),(3005,'Factory',0,602),(3006,'University',0,603),(3007,'School',0,603),(3008,'Church',0,603),(3009,'Mosque',0,603),(3010,'Restaurant',0,603),(3011,'Shop',0,603),(3012,'Factory',0,603),(3013,'University',0,604),(3014,'School',0,604),(3015,'Church',0,604),(3016,'Mosque',0,604),(3017,'Restaurant',0,604),(3018,'Shop',0,604),(3019,'Factory',0,604),(3020,'University',0,605),(3021,'School',0,605),(3022,'Church',0,605),(3023,'Mosque',0,605),(3024,'Restaurant',0,605),(3025,'Shop',0,605),(3026,'Factory',0,605),(3027,'Hospital',0,605),(3028,'University',0,606),(3029,'School',0,606),(3030,'Church',0,606),(3031,'Mosque',0,606),(3032,'Restaurant',0,606),(3033,'Shop',0,606),(3034,'Factory',0,606),(3035,'Hospital',0,606),(3036,'University',0,607),(3037,'School',0,607),(3038,'Church',0,607),(3039,'Mosque',0,607),(3040,'Restaurant',0,607),(3041,'Shop',0,607),(3042,'Factory',0,607),(3043,'Hospital',0,607),(3044,'University',0,608),(3045,'School',0,608),(3046,'Church',0,608),(3047,'Mosque',0,608),(3048,'Restaurant',0,608),(3049,'Shop',0,608),(3050,'Factory',0,608),(3051,'Hospital',0,608),(3052,'University',0,609),(3053,'School',0,609),(3054,'Church',0,609),(3055,'Mosque',0,609),(3056,'Restaurant',0,609),(3057,'Shop',0,609),(3058,'Factory',0,609),(3059,'Hospital',0,609),(3060,'University',0,610),(3061,'School',0,610),(3062,'Church',0,610),(3063,'Mosque',0,610),(3064,'Restaurant',0,610),(3065,'Shop',0,610),(3066,'Factory',0,610),(3067,'Hospital',0,610),(3068,'University',0,611),(3069,'School',0,611),(3070,'Church',0,611),(3071,'Mosque',0,611),(3072,'Restaurant',0,611),(3073,'Shop',0,611),(3074,'Factory',0,611),(3075,'Hospital',0,611),(3076,'University',0,612),(3077,'School',0,612),(3078,'Church',0,612),(3079,'Mosque',0,612),(3080,'Restaurant',0,612),(3081,'Shop',0,612),(3082,'Factory',0,612),(3083,'Hospital',0,612),(3084,'University',0,613),(3085,'School',0,613),(3086,'Church',0,613),(3087,'Mosque',0,613),(3088,'Restaurant',0,613),(3089,'Shop',0,613),(3090,'Factory',0,613),(3091,'Hospital',0,613),(3092,'University',0,614),(3093,'School',0,614),(3094,'Church',0,614),(3095,'Mosque',0,614),(3096,'Restaurant',0,614),(3097,'Shop',0,614),(3098,'Factory',0,614),(3099,'Hospital',0,614),(3100,'University',0,615),(3101,'School',0,615),(3102,'Church',0,615),(3103,'Mosque',0,615),(3104,'Restaurant',0,615),(3105,'Shop',0,615),(3106,'Factory',0,615),(3107,'Hospital',0,615),(3108,'University',0,616),(3109,'School',0,616),(3110,'Church',70,616),(3111,'Mosque',0,616),(3112,'Restaurant',10,616),(3113,'Shop',2,616),(3114,'Factory',0,616),(3115,'Hospital',0,616),(3116,'University',0,617),(3117,'School',50,617),(3118,'Church',60,617),(3119,'Mosque',0,617),(3120,'Restaurant',5,617),(3121,'Shop',5,617),(3122,'Factory',0,617),(3123,'Hospital',0,617),(3124,'University',7,618),(3125,'School',50,618),(3126,'Church',60,618),(3127,'Mosque',0,618),(3128,'Restaurant',10,618),(3129,'Shop',5,618),(3130,'Factory',0,618),(3131,'Hospital',0,618),(3132,'University',20,619),(3133,'School',0,619),(3134,'Church',40,619),(3135,'Mosque',0,619),(3136,'Restaurant',10,619),(3137,'Shop',5,619),(3138,'Factory',0,619),(3139,'Hospital',0,619),(3140,'University',3,620),(3141,'School',0,620),(3142,'Church',40,620),(3143,'Mosque',0,620),(3144,'Restaurant',10,620),(3145,'Shop',5,620),(3146,'Factory',0,620),(3147,'Hospital',0,620),(3148,'University',0,621),(3149,'School',0,621),(3150,'Church',30,621),(3151,'Mosque',0,621),(3152,'Restaurant',10,621),(3153,'Shop',5,621),(3154,'Factory',0,621),(3155,'Hospital',0,621),(3156,'University',0,622),(3157,'School',0,622),(3158,'Church',50,622),(3159,'Mosque',0,622),(3160,'Restaurant',10,622),(3161,'Shop',5,622),(3162,'Factory',0,622),(3163,'Hospital',0,622),(3164,'University',0,623),(3165,'School',0,623),(3166,'Church',60,623),(3167,'Mosque',0,623),(3168,'Restaurant',10,623),(3169,'Shop',5,623),(3170,'Factory',0,623),(3171,'Hospital',0,623),(3172,'University',0,624),(3173,'School',0,624),(3174,'Church',10,624),(3175,'Mosque',0,624),(3176,'Restaurant',15,624),(3177,'Shop',2,624),(3178,'Factory',0,624),(3179,'Hospital',0,624),(3180,'University',0,625),(3181,'School',0,625),(3182,'Church',2,625),(3183,'Mosque',0,625),(3184,'Restaurant',2,625),(3185,'Shop',2,625),(3186,'Factory',0,625),(3187,'Hospital',0,625),(3188,'University',0,626),(3189,'School',0,626),(3190,'Church',0,626),(3191,'Mosque',0,626),(3192,'Restaurant',0,626),(3193,'Shop',0,626),(3194,'Factory',0,626),(3195,'Hospital',0,626),(3196,'Hospita',5,581),(3197,'Hospital',5,582),(3198,'Hospital',5,583),(3199,'Hospital',5,584),(3200,'Hospital',5,585),(3201,'Hospital',5,586),(3202,'Hospital',5,587),(3203,'Hospital',5,588),(3204,'Hospital',5,589),(3205,'Hospital',5,590);
/*!40000 ALTER TABLE `locationtogo` ENABLE KEYS */;
UNLOCK TABLES;

--
-- Table structure for table `locationtogocity`
--

DROP TABLE IF EXISTS `locationtogocity`;
/*!40101 SET @saved_cs_client     = @@character_set_client */;
/*!40101 SET character_set_client = utf8 */;
CREATE TABLE `locationtogocity` (
  `id` int(11) NOT NULL AUTO_INCREMENT,
  `name` varchar(50) DEFAULT NULL,
  `cityId` int(11) DEFAULT NULL,
  PRIMARY KEY (`id`),
  KEY `cityId` (`cityId`),
  CONSTRAINT `locationtogocity_ibfk_1` FOREIGN KEY (`cityId`) REFERENCES `cities` (`id`)
) ENGINE=InnoDB AUTO_INCREMENT=301 DEFAULT CHARSET=utf8;
/*!40101 SET character_set_client = @saved_cs_client */;

--
-- Dumping data for table `locationtogocity`
--

LOCK TABLES `locationtogocity` WRITE;
/*!40000 ALTER TABLE `locationtogocity` DISABLE KEYS */;
INSERT INTO `locationtogocity` VALUES (127,'University',74),(128,'School',74),(142,'University',76),(143,'School',76),(150,'University',77),(151,'School',77),(158,'University',78),(159,'School',78),(166,'University',79),(167,'School',79),(174,'University',80),(175,'School',80),(182,'University',81),(183,'School',81),(190,'University',82),(191,'School',82),(198,'University',83),(199,'School',83),(206,'University',84),(207,'School',84),(208,'House',85),(209,'University',85),(210,'School',85),(211,'Church',85),(212,'Mosque',85),(213,'Restaurant',85),(214,'Shop',85),(215,'Factory',85),(216,'University',86),(217,'School',86),(218,'Church',86),(219,'Mosque',86),(220,'Restaurant',86),(221,'Shop',86),(222,'Factory',86),(223,'University',87),(224,'School',87),(225,'Church',87),(226,'Mosque',87),(227,'Restaurant',87),(228,'Shop',87),(229,'Factory',87),(230,'University',88),(231,'School',88),(232,'Church',88),(233,'Mosque',88),(234,'Restaurant',88),(235,'Shop',88),(236,'Factory',88),(237,'University',89),(238,'School',89),(239,'Church',89),(240,'Mosque',89),(241,'Restaurant',89),(242,'Shop',89),(243,'Factory',89),(244,'University',90),(245,'School',90),(246,'Church',90),(247,'Mosque',90),(248,'Restaurant',90),(249,'Shop',90),(250,'Factory',90),(251,'Hospital',90),(252,'University',91),(253,'School',91),(254,'Church',91),(255,'Mosque',91),(256,'Restaurant',91),(257,'Shop',91),(258,'Factory',91),(259,'Hospital',91),(300,'Hospital',88);
/*!40000 ALTER TABLE `locationtogocity` ENABLE KEYS */;
UNLOCK TABLES;

--
-- Table structure for table `models`
--

DROP TABLE IF EXISTS `models`;
/*!40101 SET @saved_cs_client     = @@character_set_client */;
/*!40101 SET character_set_client = utf8 */;
CREATE TABLE `models` (
  `id` int(10) NOT NULL AUTO_INCREMENT,
  `name` varchar(255) DEFAULT NULL,
  `ismain` int(11) NOT NULL,
  `infectedNumber` int(11) DEFAULT '0',
  `runTime` int(11) DEFAULT '0',
  `virusName` varchar(100) DEFAULT '  ',
  `contagiousDay` int(11) DEFAULT '0',
  PRIMARY KEY (`id`),
  UNIQUE KEY `id` (`id`)
) ENGINE=InnoDB AUTO_INCREMENT=292 DEFAULT CHARSET=utf8;
/*!40101 SET character_set_client = @saved_cs_client */;

--
-- Dumping data for table `models`
--

LOCK TABLES `models` WRITE;
/*!40000 ALTER TABLE `models` DISABLE KEYS */;
INSERT INTO `models` VALUES (264,'fvfvfv',1,2,60,'Coronavirus',4),(265,'dgrhrht',0,10,0,'  ',0),(266,'vfvddsc',0,0,0,'  ',0),(267,'new model',0,5,0,'  ',0),(268,'new model1',0,5,0,'  ',0),(269,'new model2',0,2,0,'  ',0),(270,'new model3',0,0,0,' ',0),(271,'new model4',0,10,10,'  ',0),(272,'new model5',0,10,10,'  ',0),(273,'new model6',0,10,10,'  ',0),(274,'new model7',0,10,10,'  ',0),(275,'new model8',0,10,10,'  ',0),(276,'new model9',0,10,10,'  ',0),(277,'new model10',0,10,10,'  ',0),(278,'new model11',0,10,10,'  ',0),(279,'new model12',0,10,10,'  ',0),(280,'new model13',0,10,10,'  ',0),(281,'new model14',0,10,10,'  ',0),(282,'new model15',0,10,10,'  ',4),(283,'new model16',0,0,0,' ',0),(284,'new model17',0,2,60,'  ',4),(285,'new model18',0,2,60,'  ',4),(286,'new model19',0,2,60,'  ',4),(287,'new model20',0,2,60,'  ',4),(288,'new model21',0,2,60,'  ',4),(289,'new model22',0,2,60,'  ',4),(290,'new model23',0,5,100,'ojihug',2),(291,'new model24',1,2,60,'Coronavirus',4);
/*!40000 ALTER TABLE `models` ENABLE KEYS */;
UNLOCK TABLES;

--
-- Table structure for table `mosque`
--

DROP TABLE IF EXISTS `mosque`;
/*!40101 SET @saved_cs_client     = @@character_set_client */;
/*!40101 SET character_set_client = utf8 */;
CREATE TABLE `mosque` (
  `id` int(10) NOT NULL AUTO_INCREMENT,
  `name` varchar(255) NOT NULL,
  `x` int(10) NOT NULL,
  `y` int(10) NOT NULL,
  `width` int(10) NOT NULL,
  `height` int(10) NOT NULL,
  `sickPercentage` double NOT NULL,
  `locationCategoryId` int(10) NOT NULL,
  `openTime` int(11) DEFAULT NULL,
  `closeTime` int(11) DEFAULT NULL,
  `days` varchar(200) DEFAULT NULL,
  `fixed` tinyint(2) DEFAULT NULL,
  PRIMARY KEY (`id`),
  UNIQUE KEY `id` (`id`),
  KEY `FKmosque115888` (`locationCategoryId`),
  CONSTRAINT `FKmosque115888` FOREIGN KEY (`locationCategoryId`) REFERENCES `locationcategories` (`id`)
) ENGINE=InnoDB AUTO_INCREMENT=2 DEFAULT CHARSET=utf8;
/*!40101 SET character_set_client = @saved_cs_client */;

--
-- Dumping data for table `mosque`
--

LOCK TABLES `mosque` WRITE;
/*!40000 ALTER TABLE `mosque` DISABLE KEYS */;
INSERT INTO `mosque` VALUES (1,' ',312,546,50,50,50,89,0,0,' ',0);
/*!40000 ALTER TABLE `mosque` ENABLE KEYS */;
UNLOCK TABLES;

--
-- Table structure for table `pausetime`
--

DROP TABLE IF EXISTS `pausetime`;
/*!40101 SET @saved_cs_client     = @@character_set_client */;
/*!40101 SET character_set_client = utf8 */;
CREATE TABLE `pausetime` (
  `id` int(10) unsigned NOT NULL AUTO_INCREMENT,
  `day` int(11) DEFAULT '0',
  `modelId` int(11) DEFAULT NULL,
  UNIQUE KEY `id_UNIQUE` (`id`)
) ENGINE=InnoDB AUTO_INCREMENT=8 DEFAULT CHARSET=utf8;
/*!40101 SET character_set_client = @saved_cs_client */;

--
-- Dumping data for table `pausetime`
--

LOCK TABLES `pausetime` WRITE;
/*!40000 ALTER TABLE `pausetime` DISABLE KEYS */;
INSERT INTO `pausetime` VALUES (1,5,290),(2,10,264),(3,20,264),(4,40,264),(5,10,291),(6,20,291),(7,40,291);
/*!40000 ALTER TABLE `pausetime` ENABLE KEYS */;
UNLOCK TABLES;

--
-- Table structure for table `populationtype`
--

DROP TABLE IF EXISTS `populationtype`;
/*!40101 SET @saved_cs_client     = @@character_set_client */;
/*!40101 SET character_set_client = utf8 */;
CREATE TABLE `populationtype` (
  `id` int(10) NOT NULL AUTO_INCREMENT,
  `name` varchar(255) NOT NULL,
  PRIMARY KEY (`id`),
  UNIQUE KEY `id` (`id`)
) ENGINE=InnoDB DEFAULT CHARSET=utf8;
/*!40101 SET character_set_client = @saved_cs_client */;

--
-- Dumping data for table `populationtype`
--

LOCK TABLES `populationtype` WRITE;
/*!40000 ALTER TABLE `populationtype` DISABLE KEYS */;
/*!40000 ALTER TABLE `populationtype` ENABLE KEYS */;
UNLOCK TABLES;

--
-- Table structure for table `refugeecamp`
--

DROP TABLE IF EXISTS `refugeecamp`;
/*!40101 SET @saved_cs_client     = @@character_set_client */;
/*!40101 SET character_set_client = utf8 */;
CREATE TABLE `refugeecamp` (
  `id` int(10) NOT NULL AUTO_INCREMENT,
  `name` varchar(255) NOT NULL,
  `x` int(10) NOT NULL,
  `y` int(10) NOT NULL,
  `width` int(10) NOT NULL,
  `height` int(10) NOT NULL,
  `sickPercentage` double NOT NULL,
  `locationCategoryId` int(10) NOT NULL,
  `openTime` double DEFAULT NULL,
  `closeTime` double DEFAULT NULL,
  `fixed` tinyint(2) DEFAULT NULL,
  PRIMARY KEY (`id`),
  UNIQUE KEY `id` (`id`),
  KEY `FKrefugeeCam303271` (`locationCategoryId`),
  CONSTRAINT `FKrefugeeCam303271` FOREIGN KEY (`locationCategoryId`) REFERENCES `locationcategories` (`id`)
) ENGINE=InnoDB DEFAULT CHARSET=utf8;
/*!40101 SET character_set_client = @saved_cs_client */;

--
-- Dumping data for table `refugeecamp`
--

LOCK TABLES `refugeecamp` WRITE;
/*!40000 ALTER TABLE `refugeecamp` DISABLE KEYS */;
/*!40000 ALTER TABLE `refugeecamp` ENABLE KEYS */;
UNLOCK TABLES;

--
-- Table structure for table `religion`
--

DROP TABLE IF EXISTS `religion`;
/*!40101 SET @saved_cs_client     = @@character_set_client */;
/*!40101 SET character_set_client = utf8 */;
CREATE TABLE `religion` (
  `id` int(10) NOT NULL AUTO_INCREMENT,
  `name` varchar(255) NOT NULL,
  PRIMARY KEY (`id`),
  UNIQUE KEY `id` (`id`)
) ENGINE=InnoDB DEFAULT CHARSET=utf8;
/*!40101 SET character_set_client = @saved_cs_client */;

--
-- Dumping data for table `religion`
--

LOCK TABLES `religion` WRITE;
/*!40000 ALTER TABLE `religion` DISABLE KEYS */;
/*!40000 ALTER TABLE `religion` ENABLE KEYS */;
UNLOCK TABLES;

--
-- Table structure for table `religionname`
--

DROP TABLE IF EXISTS `religionname`;
/*!40101 SET @saved_cs_client     = @@character_set_client */;
/*!40101 SET character_set_client = utf8 */;
CREATE TABLE `religionname` (
  `id` int(11) NOT NULL AUTO_INCREMENT,
  `name` varchar(50) DEFAULT NULL,
  `prayLoc` varchar(60) DEFAULT NULL,
  PRIMARY KEY (`id`)
) ENGINE=InnoDB AUTO_INCREMENT=8 DEFAULT CHARSET=utf8;
/*!40101 SET character_set_client = @saved_cs_client */;

--
-- Dumping data for table `religionname`
--

LOCK TABLES `religionname` WRITE;
/*!40000 ALTER TABLE `religionname` DISABLE KEYS */;
INSERT INTO `religionname` VALUES (5,'Christian','Church'),(6,'Muslem','Mosque'),(7,'Hello','Item 2');
/*!40000 ALTER TABLE `religionname` ENABLE KEYS */;
UNLOCK TABLES;

--
-- Table structure for table `religiontype`
--

DROP TABLE IF EXISTS `religiontype`;
/*!40101 SET @saved_cs_client     = @@character_set_client */;
/*!40101 SET character_set_client = utf8 */;
CREATE TABLE `religiontype` (
  `id` int(10) unsigned NOT NULL AUTO_INCREMENT,
  `name` varchar(45) NOT NULL,
  `percentage` double NOT NULL,
  `cityid` int(11) DEFAULT NULL,
  `prayPlace` varchar(100) DEFAULT NULL,
  PRIMARY KEY (`id`),
  KEY `cityid_idx` (`cityid`),
  CONSTRAINT `cityid` FOREIGN KEY (`cityid`) REFERENCES `cities` (`id`) ON DELETE NO ACTION ON UPDATE NO ACTION
) ENGINE=InnoDB AUTO_INCREMENT=169 DEFAULT CHARSET=utf8;
/*!40101 SET character_set_client = @saved_cs_client */;

--
-- Dumping data for table `religiontype`
--

LOCK TABLES `religiontype` WRITE;
/*!40000 ALTER TABLE `religiontype` DISABLE KEYS */;
INSERT INTO `religiontype` VALUES (115,'Christian',33,74,'Church'),(116,'Muslem',33,74,'Mosque'),(117,'Hello',33,74,'Item 2'),(121,'Christian',33,76,'Church'),(122,'Muslem',33,76,'Mosque'),(123,'Hello',33,76,'Item 2'),(124,'Christian',33,77,'Church'),(125,'Muslem',33,77,'Mosque'),(126,'Hello',33,77,'Item 2'),(127,'Christian',33,78,'Church'),(128,'Muslem',33,78,'Mosque'),(129,'Hello',33,78,'Item 2'),(130,'Christian',33,79,'Church'),(131,'Muslem',33,79,'Mosque'),(132,'Hello',33,79,'Item 2'),(133,'Christian',33,80,'Church'),(134,'Muslem',33,80,'Mosque'),(135,'Hello',33,80,'Item 2'),(136,'Christian',33,81,'Church'),(137,'Muslem',33,81,'Mosque'),(138,'Hello',33,81,'Item 2'),(139,'Christian',33,82,'Church'),(140,'Muslem',33,82,'Mosque'),(141,'Hello',33,82,'Item 2'),(142,'Christian',33,83,'Church'),(143,'Muslem',33,83,'Mosque'),(144,'Hello',33,83,'Item 2'),(145,'Christian',33,84,'Church'),(146,'Muslem',33,84,'Mosque'),(147,'Hello',33,84,'Item 2'),(148,'Christian',33,85,'Church'),(149,'Muslem',33,85,'Mosque'),(150,'Hello',33,85,'Item 2'),(151,'Christian',33,86,'Church'),(152,'Muslem',33,86,'Mosque'),(153,'Hello',33,86,'Item 2'),(154,'Christian',33,87,'Church'),(155,'Muslem',33,87,'Mosque'),(156,'Hello',33,87,'Item 2'),(157,'Christian',33,88,'Church'),(158,'Muslem',33,88,'Mosque'),(159,'Hello',33,88,'Item 2'),(160,'Christian',33,89,'Church'),(161,'Muslem',33,89,'Mosque'),(162,'Hello',33,89,'Item 2'),(163,'Christian',33,90,'Church'),(164,'Muslem',33,90,'Mosque'),(165,'Hello',33,90,'Item 2'),(166,'Christian',33,91,'Church'),(167,'Muslem',33,91,'Mosque'),(168,'Hello',33,91,'Item 2');
/*!40000 ALTER TABLE `religiontype` ENABLE KEYS */;
UNLOCK TABLES;

--
-- Table structure for table `restaurant`
--

DROP TABLE IF EXISTS `restaurant`;
/*!40101 SET @saved_cs_client     = @@character_set_client */;
/*!40101 SET character_set_client = utf8 */;
CREATE TABLE `restaurant` (
  `id` int(100) NOT NULL AUTO_INCREMENT,
  `name` varchar(255) DEFAULT NULL,
  `x` int(10) NOT NULL,
  `y` int(10) NOT NULL,
  `width` int(10) NOT NULL,
  `height` int(10) NOT NULL,
  `sickPercentage` int(10) NOT NULL,
  `locationCategoryId` int(10) NOT NULL,
  `openTime` int(11) DEFAULT NULL,
  `closeTime` int(11) DEFAULT NULL,
  `days` varchar(200) DEFAULT NULL,
  `fixed` tinyint(2) DEFAULT NULL,
  PRIMARY KEY (`id`),
  UNIQUE KEY `id` (`id`),
  KEY `FKrestaurant728323` (`locationCategoryId`),
  CONSTRAINT `FKrestaurant728323` FOREIGN KEY (`locationCategoryId`) REFERENCES `locationcategories` (`id`)
) ENGINE=InnoDB AUTO_INCREMENT=9 DEFAULT CHARSET=utf8;
/*!40101 SET character_set_client = @saved_cs_client */;

--
-- Dumping data for table `restaurant`
--

LOCK TABLES `restaurant` WRITE;
/*!40000 ALTER TABLE `restaurant` DISABLE KEYS */;
INSERT INTO `restaurant` VALUES (3,' ',676,286,50,50,50,77,9,22,'Monday Tuesday Wednesday Thursday Friday Saturday Sunday ',0),(4,' ',780,390,50,50,50,77,9,22,'Monday Tuesday Wednesday Thursday Friday Saturday Sunday ',0),(5,' ',390,416,50,50,50,96,0,0,' ',0),(6,' ',1456,390,50,50,50,96,0,0,' ',0),(7,' ',1196,754,50,50,0,113,NULL,NULL,NULL,NULL),(8,' ',130,416,50,50,0,113,NULL,NULL,NULL,NULL);
/*!40000 ALTER TABLE `restaurant` ENABLE KEYS */;
UNLOCK TABLES;

--
-- Table structure for table `school`
--

DROP TABLE IF EXISTS `school`;
/*!40101 SET @saved_cs_client     = @@character_set_client */;
/*!40101 SET character_set_client = utf8 */;
CREATE TABLE `school` (
  `id` int(100) NOT NULL AUTO_INCREMENT,
  `name` varchar(255) DEFAULT NULL,
  `x` int(10) NOT NULL,
  `y` int(10) NOT NULL,
  `width` int(10) NOT NULL,
  `height` int(10) NOT NULL,
  `sickPercentage` double NOT NULL,
  `locationCategoryId` int(10) NOT NULL,
  `openTime` int(11) DEFAULT NULL,
  `closeTime` int(11) DEFAULT NULL,
  `days` varchar(200) DEFAULT NULL,
  `fixed` tinyint(2) DEFAULT NULL,
  PRIMARY KEY (`id`),
  UNIQUE KEY `id` (`id`),
  KEY `FKschool752875` (`locationCategoryId`),
  CONSTRAINT `FKschool752875` FOREIGN KEY (`locationCategoryId`) REFERENCES `locationcategories` (`id`)
) ENGINE=InnoDB AUTO_INCREMENT=38 DEFAULT CHARSET=utf8;
/*!40101 SET character_set_client = @saved_cs_client */;

--
-- Dumping data for table `school`
--

LOCK TABLES `school` WRITE;
/*!40000 ALTER TABLE `school` DISABLE KEYS */;
INSERT INTO `school` VALUES (28,' ',1638,416,50,50,50,73,7,14,'Monday',1),(29,' ',1456,416,50,50,50,73,7,14,'Monday ',1),(30,' ',234,806,50,50,50,85,0,0,'',0),(31,' ',1586,832,50,50,50,85,0,0,'',0),(32,' ',624,494,50,50,50,91,0,0,' ',0),(33,' ',1014,182,50,50,50,91,0,0,' ',0),(34,' ',1820,598,50,50,50,98,NULL,NULL,NULL,NULL),(35,' ',1040,338,50,50,50,98,NULL,NULL,NULL,NULL),(36,' ',832,208,50,50,0,107,NULL,NULL,NULL,NULL),(37,' ',1872,156,50,50,0,107,NULL,NULL,NULL,NULL);
/*!40000 ALTER TABLE `school` ENABLE KEYS */;
UNLOCK TABLES;

--
-- Table structure for table `sexetypes`
--

DROP TABLE IF EXISTS `sexetypes`;
/*!40101 SET @saved_cs_client     = @@character_set_client */;
/*!40101 SET character_set_client = utf8 */;
CREATE TABLE `sexetypes` (
  `id` int(10) NOT NULL AUTO_INCREMENT,
  `name` varchar(255) NOT NULL,
  `percentage` double NOT NULL,
  `modelId` int(10) NOT NULL,
  PRIMARY KEY (`id`),
  UNIQUE KEY `name` (`name`),
  UNIQUE KEY `id` (`id`),
  KEY `FKsexeTypes607371` (`modelId`),
  CONSTRAINT `FKsexeTypes607371` FOREIGN KEY (`modelId`) REFERENCES `models` (`id`)
) ENGINE=InnoDB DEFAULT CHARSET=utf8;
/*!40101 SET character_set_client = @saved_cs_client */;

--
-- Dumping data for table `sexetypes`
--

LOCK TABLES `sexetypes` WRITE;
/*!40000 ALTER TABLE `sexetypes` DISABLE KEYS */;
/*!40000 ALTER TABLE `sexetypes` ENABLE KEYS */;
UNLOCK TABLES;

--
-- Table structure for table `shop`
--

DROP TABLE IF EXISTS `shop`;
/*!40101 SET @saved_cs_client     = @@character_set_client */;
/*!40101 SET character_set_client = utf8 */;
CREATE TABLE `shop` (
  `id` int(10) NOT NULL AUTO_INCREMENT,
  `name` varchar(255) NOT NULL,
  `x` int(10) NOT NULL,
  `y` int(10) NOT NULL,
  `width` int(10) NOT NULL,
  `height` int(10) NOT NULL,
  `sickPercentage` double NOT NULL,
  `locationCategoryId` int(10) NOT NULL,
  `openTime` int(11) DEFAULT NULL,
  `closeTime` int(11) DEFAULT NULL,
  `days` varchar(200) DEFAULT NULL,
  `fixed` tinyint(2) DEFAULT NULL,
  PRIMARY KEY (`id`),
  UNIQUE KEY `id` (`id`),
  KEY `FKshop244634` (`locationCategoryId`),
  CONSTRAINT `FKshop244634` FOREIGN KEY (`locationCategoryId`) REFERENCES `locationcategories` (`id`)
) ENGINE=InnoDB DEFAULT CHARSET=utf8;
/*!40101 SET character_set_client = @saved_cs_client */;

--
-- Dumping data for table `shop`
--

LOCK TABLES `shop` WRITE;
/*!40000 ALTER TABLE `shop` DISABLE KEYS */;
/*!40000 ALTER TABLE `shop` ENABLE KEYS */;
UNLOCK TABLES;

--
-- Table structure for table `supermarket`
--

DROP TABLE IF EXISTS `supermarket`;
/*!40101 SET @saved_cs_client     = @@character_set_client */;
/*!40101 SET character_set_client = utf8 */;
CREATE TABLE `supermarket` (
  `id` int(100) NOT NULL AUTO_INCREMENT,
  `name` varchar(255) DEFAULT NULL,
  `x` int(10) NOT NULL,
  `y` int(10) NOT NULL,
  `width` int(10) NOT NULL,
  `height` int(10) NOT NULL,
  `sickPercentage` double NOT NULL,
  `locationCategoryId` int(10) NOT NULL,
  `openTime` int(11) DEFAULT NULL,
  `closeTime` int(11) DEFAULT NULL,
  `days` varchar(200) DEFAULT NULL,
  `fixed` tinyint(2) DEFAULT NULL,
  PRIMARY KEY (`id`),
  UNIQUE KEY `id` (`id`),
  KEY `FKsuperMarke456250` (`locationCategoryId`),
  CONSTRAINT `FKsuperMarke456250` FOREIGN KEY (`locationCategoryId`) REFERENCES `locationcategories` (`id`)
) ENGINE=InnoDB AUTO_INCREMENT=7 DEFAULT CHARSET=utf8;
/*!40101 SET character_set_client = @saved_cs_client */;

--
-- Dumping data for table `supermarket`
--

LOCK TABLES `supermarket` WRITE;
/*!40000 ALTER TABLE `supermarket` DISABLE KEYS */;
INSERT INTO `supermarket` VALUES (1,' ',234,78,50,50,50,90,0,0,' ',0),(2,' ',1196,234,50,50,50,90,0,0,' ',0),(3,' ',1820,780,50,50,50,102,NULL,NULL,NULL,NULL),(4,' ',260,572,50,50,0,106,NULL,NULL,NULL,NULL),(5,' ',1430,728,50,50,0,112,NULL,NULL,NULL,NULL),(6,' ',520,468,50,50,0,112,NULL,NULL,NULL,NULL);
/*!40000 ALTER TABLE `supermarket` ENABLE KEYS */;
UNLOCK TABLES;

--
-- Table structure for table `symptomname`
--

DROP TABLE IF EXISTS `symptomname`;
/*!40101 SET @saved_cs_client     = @@character_set_client */;
/*!40101 SET character_set_client = utf8 */;
CREATE TABLE `symptomname` (
  `id` int(11) NOT NULL AUTO_INCREMENT,
  `name` varchar(50) DEFAULT NULL,
  PRIMARY KEY (`id`)
) ENGINE=InnoDB AUTO_INCREMENT=15 DEFAULT CHARSET=utf8;
/*!40101 SET character_set_client = @saved_cs_client */;

--
-- Dumping data for table `symptomname`
--

LOCK TABLES `symptomname` WRITE;
/*!40000 ALTER TABLE `symptomname` DISABLE KEYS */;
INSERT INTO `symptomname` VALUES (1,'No Symptom'),(2,'Mild symptoms'),(3,'Severe Symptoms'),(14,'critical Symptoms');
/*!40000 ALTER TABLE `symptomname` ENABLE KEYS */;
UNLOCK TABLES;

--
-- Table structure for table `symptoms`
--

DROP TABLE IF EXISTS `symptoms`;
/*!40101 SET @saved_cs_client     = @@character_set_client */;
/*!40101 SET character_set_client = utf8 */;
CREATE TABLE `symptoms` (
  `id` int(10) NOT NULL AUTO_INCREMENT,
  `name` varchar(255) NOT NULL,
  `contagiousDay` int(10) DEFAULT NULL,
  `modelId` int(10) NOT NULL,
  PRIMARY KEY (`id`),
  UNIQUE KEY `id` (`id`),
  KEY `FKsymptoms228602` (`modelId`),
  CONSTRAINT `FKsymptoms228602` FOREIGN KEY (`modelId`) REFERENCES `models` (`id`)
) ENGINE=InnoDB AUTO_INCREMENT=2123 DEFAULT CHARSET=utf8;
/*!40101 SET character_set_client = @saved_cs_client */;

--
-- Dumping data for table `symptoms`
--

LOCK TABLES `symptoms` WRITE;
/*!40000 ALTER TABLE `symptoms` DISABLE KEYS */;
INSERT INTO `symptoms` VALUES (1982,'No Symptom',0,265),(1983,'Mild symptoms',0,265),(1984,'Severe Symptoms',0,265),(1985,'critical Symptoms',0,265),(1986,'No Symptom',0,266),(1987,'Mild symptoms',0,266),(1988,'Severe Symptoms',0,266),(1989,'critical Symptoms',0,266),(1990,'No Symptom',0,267),(1991,'Mild symptoms',0,267),(1992,'Severe Symptoms',0,267),(1993,'critical Symptoms',0,267),(1994,'No Symptom',0,268),(1995,'Mild symptoms',0,268),(1996,'Severe Symptoms',0,268),(1997,'critical Symptoms',0,268),(1998,'No Symptom',0,269),(1999,'Mild symptoms',0,269),(2000,'Severe Symptoms',0,269),(2001,'critical Symptoms',0,269),(2002,'No Symptom',NULL,270),(2003,'Mild symptoms',NULL,270),(2004,'Severe Symptoms',NULL,270),(2005,'critical Symptoms',NULL,270),(2006,'No Symptom',NULL,271),(2007,'Mild symptoms',NULL,271),(2008,'Severe Symptoms',NULL,271),(2009,'critical symptoms',NULL,271),(2010,'No Symptom',NULL,272),(2011,'Mild symptoms',NULL,272),(2012,'Severe Symptoms',NULL,272),(2013,'critical symptoms',NULL,272),(2014,'No Symptom',NULL,273),(2015,'Mild symptoms',NULL,273),(2016,'Severe Symptoms',NULL,273),(2017,'critical symptoms',NULL,273),(2018,'No Symptom',NULL,274),(2019,'Mild symptoms',NULL,274),(2020,'Severe Symptoms',NULL,274),(2021,'critical symptoms',NULL,274),(2022,'No Symptom',NULL,275),(2023,'Mild symptoms',NULL,275),(2024,'Severe Symptoms',NULL,275),(2025,'critical symptoms',NULL,275),(2026,'No Symptom',NULL,276),(2027,'Mild symptoms',NULL,276),(2028,'Severe Symptoms',NULL,276),(2029,'critical symptoms',NULL,276),(2030,'No Symptom',NULL,277),(2031,'Mild symptoms',NULL,277),(2032,'Severe Symptoms',NULL,277),(2033,'critical symptoms',NULL,277),(2034,'No Symptom',NULL,278),(2035,'Mild symptoms',NULL,278),(2036,'Severe Symptoms',NULL,278),(2037,'critical symptoms',NULL,278),(2038,'No Symptom',NULL,279),(2039,'Mild symptoms',NULL,279),(2040,'Severe Symptoms',NULL,279),(2041,'critical symptoms',NULL,279),(2042,'No Symptom',NULL,280),(2043,'Mild symptoms',NULL,280),(2044,'Severe Symptoms',NULL,280),(2045,'critical symptoms',NULL,280),(2046,'No Symptom',NULL,281),(2047,'Mild symptoms',NULL,281),(2048,'Severe Symptoms',NULL,281),(2049,'critical symptoms',NULL,281),(2050,'No Symptom',NULL,282),(2051,'Mild symptoms',NULL,282),(2052,'Severe Symptoms',NULL,282),(2053,'critical symptoms',NULL,282),(2054,'situation 1',NULL,264),(2055,'situation 2',NULL,264),(2056,'situation 3',NULL,264),(2057,'situation 4',NULL,264),(2058,'situation 5',NULL,264),(2059,'situation 6',NULL,264),(2060,'situation 7',NULL,264),(2061,'No Symptom',NULL,283),(2062,'Mild symptoms',NULL,283),(2063,'Severe Symptoms',NULL,283),(2064,'critical Symptoms',NULL,283),(2065,'situation 1',NULL,284),(2066,'situation 2',NULL,284),(2067,'situation 3',NULL,284),(2068,'situation 4',NULL,284),(2069,'situation 5',NULL,284),(2070,'situation 6',NULL,284),(2071,'situation 7',NULL,284),(2072,'situation 1',NULL,285),(2073,'situation 2',NULL,285),(2074,'situation 3',NULL,285),(2075,'situation 4',NULL,285),(2076,'situation 5',NULL,285),(2077,'situation 6',NULL,285),(2078,'situation 7',NULL,285),(2079,'situation 1',NULL,286),(2080,'situation 2',NULL,286),(2081,'situation 3',NULL,286),(2082,'situation 4',NULL,286),(2083,'situation 5',NULL,286),(2084,'situation 6',NULL,286),(2085,'situation 7',NULL,286),(2086,'situation 1',NULL,287),(2087,'situation 2',NULL,287),(2088,'situation 3',NULL,287),(2089,'situation 4',NULL,287),(2090,'situation 5',NULL,287),(2091,'situation 6',NULL,287),(2092,'situation 7',NULL,287),(2093,'situation 1',NULL,288),(2094,'situation 2',NULL,288),(2095,'situation 3',NULL,288),(2096,'situation 4',NULL,288),(2097,'situation 5',NULL,288),(2098,'situation 6',NULL,288),(2099,'situation 7',NULL,288),(2100,'situation 1',NULL,289),(2101,'situation 2',NULL,289),(2102,'situation 3',NULL,289),(2103,'situation 4',NULL,289),(2104,'situation 5',NULL,289),(2105,'situation 6',NULL,289),(2106,'situation 7',NULL,289),(2107,'situation 1',NULL,290),(2108,'situation 2',NULL,290),(2109,'situation 3',NULL,290),(2110,'situation 4',NULL,290),(2111,'situation 5',NULL,290),(2112,'situation 6',NULL,290),(2113,'situation 7',NULL,290),(2114,'situation 8',NULL,264),(2115,'situation 1',NULL,291),(2116,'situation 2',NULL,291),(2117,'situation 3',NULL,291),(2118,'situation 4',NULL,291),(2119,'situation 5',NULL,291),(2120,'situation 6',NULL,291),(2121,'situation 7',NULL,291),(2122,'situation 8',NULL,291);
/*!40000 ALTER TABLE `symptoms` ENABLE KEYS */;
UNLOCK TABLES;

--
-- Table structure for table `symptomstagename`
--

DROP TABLE IF EXISTS `symptomstagename`;
/*!40101 SET @saved_cs_client     = @@character_set_client */;
/*!40101 SET character_set_client = utf8 */;
CREATE TABLE `symptomstagename` (
  `id` int(11) NOT NULL AUTO_INCREMENT,
  `name` varchar(50) NOT NULL,
  `inHospital` int(11) DEFAULT NULL,
  PRIMARY KEY (`id`)
) ENGINE=InnoDB AUTO_INCREMENT=4 DEFAULT CHARSET=utf8;
/*!40101 SET character_set_client = @saved_cs_client */;

--
-- Dumping data for table `symptomstagename`
--

LOCK TABLES `symptomstagename` WRITE;
/*!40000 ALTER TABLE `symptomstagename` DISABLE KEYS */;
INSERT INTO `symptomstagename` VALUES (1,'No symptoms',0),(2,'Mild symptoms',0),(3,'Severe symptoms',1);
/*!40000 ALTER TABLE `symptomstagename` ENABLE KEYS */;
UNLOCK TABLES;

--
-- Table structure for table `symptomstages`
--

DROP TABLE IF EXISTS `symptomstages`;
/*!40101 SET @saved_cs_client     = @@character_set_client */;
/*!40101 SET character_set_client = utf8 */;
CREATE TABLE `symptomstages` (
  `id` int(10) NOT NULL AUTO_INCREMENT,
  `name` varchar(255) NOT NULL,
  `day` int(10) DEFAULT NULL,
  `deathPercentage` double DEFAULT NULL,
  `immunePercentage` int(10) DEFAULT NULL,
  `symptomId` int(10) NOT NULL,
  `col` int(11) DEFAULT NULL,
  PRIMARY KEY (`id`),
  UNIQUE KEY `id` (`id`),
  KEY `FKsymptomSta671993` (`symptomId`),
  CONSTRAINT `FKsymptomSta671993` FOREIGN KEY (`symptomId`) REFERENCES `symptoms` (`id`)
) ENGINE=InnoDB DEFAULT CHARSET=utf8;
/*!40101 SET character_set_client = @saved_cs_client */;

--
-- Dumping data for table `symptomstages`
--

LOCK TABLES `symptomstages` WRITE;
/*!40000 ALTER TABLE `symptomstages` DISABLE KEYS */;
/*!40000 ALTER TABLE `symptomstages` ENABLE KEYS */;
UNLOCK TABLES;

--
-- Table structure for table `symptomstagesmodel`
--

DROP TABLE IF EXISTS `symptomstagesmodel`;
/*!40101 SET @saved_cs_client     = @@character_set_client */;
/*!40101 SET character_set_client = utf8 */;
CREATE TABLE `symptomstagesmodel` (
  `id` int(11) NOT NULL AUTO_INCREMENT,
  `name` varchar(50) DEFAULT NULL,
  `immunePercentage` double DEFAULT NULL,
  `deathPercentage` double DEFAULT NULL,
  `modelId` int(11) DEFAULT NULL,
  `col` int(11) DEFAULT NULL,
  `inHospital` int(11) DEFAULT NULL,
  PRIMARY KEY (`id`),
  KEY `modelId_idx` (`modelId`),
  CONSTRAINT `modelId` FOREIGN KEY (`modelId`) REFERENCES `models` (`id`) ON DELETE NO ACTION ON UPDATE NO ACTION
) ENGINE=InnoDB AUTO_INCREMENT=1341 DEFAULT CHARSET=utf8;
/*!40101 SET character_set_client = @saved_cs_client */;

--
-- Dumping data for table `symptomstagesmodel`
--

LOCK TABLES `symptomstagesmodel` WRITE;
/*!40000 ALTER TABLE `symptomstagesmodel` DISABLE KEYS */;
INSERT INTO `symptomstagesmodel` VALUES (1196,'Severe symptoms',0,0,265,3,1),(1197,'Icu',0,0,265,4,1),(1198,'critical',0,0,265,5,1),(1199,'No symptoms',0,0,265,1,0),(1200,'Mild symptoms',0,0,265,2,0),(1201,'Severe symptoms',0,0,266,3,1),(1202,'Icu',0,0,266,4,1),(1203,'critical',0,0,266,5,1),(1204,'No symptoms',0,0,266,1,0),(1205,'Mild symptoms',0,0,266,2,0),(1206,'Severe symptoms',0,0,267,3,1),(1207,'Icu',0,0,267,4,1),(1208,'critical',0,0,267,5,1),(1209,'No symptoms',0,0,267,1,0),(1210,'Mild symptoms',0,0,267,2,0),(1211,'Severe symptoms',0,0,268,3,1),(1212,'Icu',0,0,268,4,1),(1213,'critical',0,0,268,5,1),(1214,'No symptoms',0,0,268,1,0),(1215,'Mild symptoms',0,0,268,2,0),(1216,'Severe symptoms',0,0,269,3,1),(1217,'Icu',0,0,269,4,1),(1218,'critical',0,0,269,5,1),(1219,'No symptoms',0,0,269,1,0),(1220,'Mild symptoms',0,0,269,2,0),(1221,'Severe symptoms',0,0,270,3,1),(1222,'Icu',0,0,270,4,1),(1223,'critical',0,0,270,5,1),(1224,'hos',0,0,270,6,1),(1225,'No symptoms',0,0,270,1,0),(1226,'Mild symptoms',0,0,270,2,0),(1227,'No symptoms',100,0,271,1,0),(1228,'Mild symptoms',95,5,271,2,0),(1229,'Severe symptoms',90,10,271,3,1),(1230,'Icu',50,50,271,5,1),(1231,'critical',40,60,271,4,1),(1232,'Severe symptoms',90,10,272,3,1),(1233,'Icu',50,50,272,5,1),(1234,'critical',40,60,272,4,1),(1235,'No symptoms',100,0,272,1,0),(1236,'Mild symptoms',95,5,272,2,0),(1237,'Severe symptoms',90,10,273,3,1),(1238,'Icu',50,50,273,5,1),(1239,'critical',40,60,273,4,1),(1240,'No symptoms',100,0,273,1,0),(1241,'Mild symptoms',95,5,273,2,0),(1242,'Severe symptoms',90,10,274,3,1),(1243,'Icu',50,50,274,5,1),(1244,'critical',40,60,274,4,1),(1245,'No symptoms',100,0,274,1,0),(1246,'Mild symptoms',95,5,274,2,0),(1247,'Severe symptoms',90,10,275,3,1),(1248,'Icu',50,50,275,5,1),(1249,'critical',40,60,275,4,1),(1250,'No symptoms',100,0,275,1,0),(1251,'Mild symptoms',95,5,275,2,0),(1252,'Severe symptoms',90,10,276,3,1),(1253,'Icu',50,50,276,5,1),(1254,'critical',40,60,276,4,1),(1255,'No symptoms',100,0,276,1,0),(1256,'Mild symptoms',95,5,276,2,0),(1257,'Severe symptoms',90,10,277,3,1),(1258,'Icu',50,50,277,5,1),(1259,'critical',40,60,277,4,1),(1260,'No symptoms',100,0,277,1,0),(1261,'Mild symptoms',95,5,277,2,0),(1262,'Severe symptoms',90,10,278,3,1),(1263,'Icu',50,50,278,5,1),(1264,'critical',40,60,278,4,1),(1265,'No symptoms',100,0,278,1,0),(1266,'Mild symptoms',95,5,278,2,0),(1267,'Severe symptoms',90,10,279,3,1),(1268,'Icu',50,50,279,5,1),(1269,'critical',40,60,279,4,1),(1270,'No symptoms',100,0,279,1,0),(1271,'Mild symptoms',95,5,279,2,0),(1272,'Severe symptoms',90,10,280,3,1),(1273,'Icu',50,50,280,5,1),(1274,'critical',40,60,280,4,1),(1275,'No symptoms',100,0,280,1,0),(1276,'Mild symptoms',95,5,280,2,0),(1277,'Severe symptoms',90,10,281,3,1),(1278,'Icu',50,50,281,5,1),(1279,'critical',40,60,281,4,1),(1280,'No symptoms',100,0,281,1,0),(1281,'Mild symptoms',95,5,281,2,0),(1282,'Severe symptoms',90,10,282,3,1),(1283,'Icu',50,50,282,5,1),(1284,'critical',40,60,282,4,1),(1285,'No symptoms',100,0,282,1,0),(1286,'Mild symptoms',95,5,282,2,0),(1299,'No symptoms',100,0,264,1,0),(1300,'Mild Symptoms',80,20,264,2,0),(1302,'Severe symptoms',50,50,264,3,1),(1303,'Critical symptoms',30,70,264,4,1),(1304,'Severe symptoms',0,0,283,3,1),(1305,'No symptoms',0,0,283,1,0),(1306,'Mild symptoms',0,0,283,2,0),(1307,'Severe symptoms',50,50,284,3,1),(1308,'Critical symptoms',30,70,284,4,1),(1309,'No symptoms',100,0,284,1,0),(1310,'Mild Symptoms',80,20,284,2,0),(1311,'Severe symptoms',50,50,285,3,1),(1312,'Critical symptoms',30,70,285,4,1),(1313,'No symptoms',100,0,285,1,0),(1314,'Mild Symptoms',80,20,285,2,0),(1315,'Severe symptoms',50,50,286,3,1),(1316,'Critical symptoms',30,70,286,4,1),(1317,'No symptoms',100,0,286,1,0),(1318,'Mild Symptoms',80,20,286,2,0),(1319,'Severe symptoms',50,50,287,3,1),(1320,'Critical symptoms',30,70,287,4,1),(1321,'No symptoms',100,0,287,1,0),(1322,'Mild Symptoms',80,20,287,2,0),(1323,'Severe symptoms',50,50,288,3,1),(1324,'Critical symptoms',30,70,288,4,1),(1325,'No symptoms',100,0,288,1,0),(1326,'Mild Symptoms',80,20,288,2,0),(1327,'Severe symptoms',50,50,289,3,1),(1328,'Critical symptoms',30,70,289,4,1),(1329,'No symptoms',100,0,289,1,0),(1330,'Mild Symptoms',80,20,289,2,0),(1331,'Severe symptoms',50,50,290,4,1),(1332,'Critical symptoms',30,70,290,3,1),(1333,'No symptoms',100,0,290,2,0),(1334,'Mild Symptoms',80,20,290,1,0),(1336,'Severe symptoms',50,50,291,3,1),(1337,'Critical symptoms',30,70,291,4,1),(1338,'Icu',5,95,291,5,1),(1339,'No symptoms',100,0,291,1,0),(1340,'Mild Symptoms',80,20,291,2,0);
/*!40000 ALTER TABLE `symptomstagesmodel` ENABLE KEYS */;
UNLOCK TABLES;

--
-- Table structure for table `symptomstagetype`
--

DROP TABLE IF EXISTS `symptomstagetype`;
/*!40101 SET @saved_cs_client     = @@character_set_client */;
/*!40101 SET character_set_client = utf8 */;
CREATE TABLE `symptomstagetype` (
  `id` int(11) NOT NULL AUTO_INCREMENT,
  `idSymptom` int(11) DEFAULT NULL,
  `idSymptomStage` int(11) DEFAULT NULL,
  `days` int(11) DEFAULT NULL,
  `percentage` double DEFAULT NULL,
  PRIMARY KEY (`id`)
) ENGINE=InnoDB AUTO_INCREMENT=1365 DEFAULT CHARSET=utf8;
/*!40101 SET character_set_client = @saved_cs_client */;

--
-- Dumping data for table `symptomstagetype`
--

LOCK TABLES `symptomstagetype` WRITE;
/*!40000 ALTER TABLE `symptomstagetype` DISABLE KEYS */;
INSERT INTO `symptomstagetype` VALUES (556,1976,1194,3,NULL),(561,1977,1194,3,NULL),(566,1978,1194,3,NULL),(571,1979,1194,0,NULL),(572,1979,1195,0,NULL),(573,1979,1191,0,NULL),(574,1979,1192,0,NULL),(575,1979,1193,0,NULL),(576,1980,1194,0,NULL),(577,1980,1195,0,NULL),(578,1980,1191,0,NULL),(579,1980,1192,0,NULL),(580,1980,1193,0,NULL),(581,1981,1194,3,NULL),(586,1982,1199,0,NULL),(587,1982,1200,0,NULL),(588,1982,1196,0,NULL),(589,1982,1197,0,NULL),(590,1982,1198,0,NULL),(591,1983,1199,0,NULL),(592,1983,1200,0,NULL),(593,1983,1196,0,NULL),(594,1983,1197,0,NULL),(595,1983,1198,0,NULL),(596,1984,1199,0,NULL),(597,1984,1200,0,NULL),(598,1984,1196,0,NULL),(599,1984,1197,0,NULL),(600,1984,1198,0,NULL),(601,1985,1199,0,NULL),(602,1985,1200,0,NULL),(603,1985,1196,0,NULL),(604,1985,1197,0,NULL),(605,1985,1198,0,NULL),(606,1986,1204,0,NULL),(607,1986,1205,0,NULL),(608,1986,1201,0,NULL),(609,1986,1202,0,NULL),(610,1986,1203,0,NULL),(611,1987,1204,0,NULL),(612,1987,1205,0,NULL),(613,1987,1201,0,NULL),(614,1987,1202,0,NULL),(615,1987,1203,0,NULL),(616,1988,1204,0,NULL),(617,1988,1205,0,NULL),(618,1988,1201,0,NULL),(619,1988,1202,0,NULL),(620,1988,1203,0,NULL),(621,1989,1204,0,NULL),(622,1989,1205,0,NULL),(623,1989,1201,0,NULL),(624,1989,1202,0,NULL),(625,1989,1203,0,NULL),(626,1990,1209,0,NULL),(627,1990,1210,0,NULL),(628,1990,1206,0,NULL),(629,1990,1207,0,NULL),(630,1990,1208,0,NULL),(631,1991,1209,0,NULL),(632,1991,1210,0,NULL),(633,1991,1206,0,NULL),(634,1991,1207,0,NULL),(635,1991,1208,0,NULL),(636,1992,1209,0,NULL),(637,1992,1210,0,NULL),(638,1992,1206,0,NULL),(639,1992,1207,0,NULL),(640,1992,1208,0,NULL),(641,1993,1209,0,NULL),(642,1993,1210,0,NULL),(643,1993,1206,0,NULL),(644,1993,1207,0,NULL),(645,1993,1208,0,NULL),(646,1994,1214,0,NULL),(647,1994,1215,0,NULL),(648,1994,1211,0,NULL),(649,1994,1212,0,NULL),(650,1994,1213,0,NULL),(651,1995,1214,0,NULL),(652,1995,1215,0,NULL),(653,1995,1211,0,NULL),(654,1995,1212,0,NULL),(655,1995,1213,0,NULL),(656,1996,1214,0,NULL),(657,1996,1215,0,NULL),(658,1996,1211,0,NULL),(659,1996,1212,0,NULL),(660,1996,1213,0,NULL),(661,1997,1214,0,NULL),(662,1997,1215,0,NULL),(663,1997,1211,0,NULL),(664,1997,1212,0,NULL),(665,1997,1213,0,NULL),(666,1998,1219,0,NULL),(667,1998,1220,0,NULL),(668,1998,1216,0,NULL),(669,1998,1217,0,NULL),(670,1998,1218,0,NULL),(671,1999,1219,0,NULL),(672,1999,1220,0,NULL),(673,1999,1216,0,NULL),(674,1999,1217,0,NULL),(675,1999,1218,0,NULL),(676,2000,1219,0,NULL),(677,2000,1220,0,NULL),(678,2000,1216,0,NULL),(679,2000,1217,0,NULL),(680,2000,1218,0,NULL),(681,2001,1219,0,NULL),(682,2001,1220,0,NULL),(683,2001,1216,0,NULL),(684,2001,1217,0,NULL),(685,2001,1218,0,NULL),(686,2002,1225,0,NULL),(687,2002,1226,0,NULL),(688,2002,1221,0,NULL),(689,2002,1222,0,NULL),(690,2002,1223,0,NULL),(691,2002,1224,0,NULL),(692,2003,1225,0,NULL),(693,2003,1226,0,NULL),(694,2003,1221,0,NULL),(695,2003,1222,0,NULL),(696,2003,1223,0,NULL),(697,2003,1224,0,NULL),(698,2004,1225,0,NULL),(699,2004,1226,0,NULL),(700,2004,1221,0,NULL),(701,2004,1222,0,NULL),(702,2004,1223,0,NULL),(703,2004,1224,0,NULL),(704,2005,1225,0,NULL),(705,2005,1226,0,NULL),(706,2005,1221,0,NULL),(707,2005,1222,0,NULL),(708,2005,1223,0,NULL),(709,2005,1224,0,NULL),(710,2006,1227,0,NULL),(711,2006,1228,0,NULL),(712,2006,1229,0,NULL),(713,2006,1230,0,NULL),(714,2006,1231,0,NULL),(715,2007,1227,0,NULL),(716,2007,1228,0,NULL),(717,2007,1229,0,NULL),(718,2007,1230,0,NULL),(719,2007,1231,0,NULL),(720,2008,1227,0,NULL),(721,2008,1228,0,NULL),(722,2008,1229,0,NULL),(723,2008,1230,0,NULL),(724,2008,1231,0,NULL),(725,2009,1227,0,NULL),(726,2009,1228,0,NULL),(727,2009,1229,0,NULL),(728,2009,1230,0,NULL),(729,2009,1231,0,NULL),(730,2010,1235,3,NULL),(731,2010,1236,0,NULL),(732,2010,1232,0,NULL),(733,2010,1233,0,NULL),(734,2010,1234,0,NULL),(735,2011,1235,3,NULL),(736,2011,1236,5,NULL),(737,2011,1232,0,NULL),(738,2011,1233,0,NULL),(739,2011,1234,0,NULL),(740,2012,1235,3,NULL),(741,2012,1236,4,NULL),(742,2012,1232,5,NULL),(743,2012,1233,0,NULL),(744,2012,1234,0,NULL),(745,2013,1235,3,NULL),(746,2013,1236,3,NULL),(747,2013,1232,3,NULL),(748,2013,1233,2,NULL),(749,2013,1234,4,NULL),(750,2014,1240,3,NULL),(751,2014,1241,0,NULL),(752,2014,1237,0,NULL),(753,2014,1238,0,NULL),(754,2014,1239,0,NULL),(755,2015,1240,3,NULL),(756,2015,1241,5,NULL),(757,2015,1237,0,NULL),(758,2015,1238,0,NULL),(759,2015,1239,0,NULL),(760,2016,1240,3,NULL),(761,2016,1241,4,NULL),(762,2016,1237,5,NULL),(763,2016,1238,0,NULL),(764,2016,1239,0,NULL),(765,2017,1240,3,NULL),(766,2017,1241,3,NULL),(767,2017,1237,3,NULL),(768,2017,1238,2,NULL),(769,2017,1239,4,NULL),(770,2018,1245,3,NULL),(771,2018,1246,0,NULL),(772,2018,1242,0,NULL),(773,2018,1243,0,NULL),(774,2018,1244,0,NULL),(775,2019,1245,3,NULL),(776,2019,1246,5,NULL),(777,2019,1242,0,NULL),(778,2019,1243,0,NULL),(779,2019,1244,0,NULL),(780,2020,1245,3,NULL),(781,2020,1246,4,NULL),(782,2020,1242,5,NULL),(783,2020,1243,0,NULL),(784,2020,1244,0,NULL),(785,2021,1245,3,NULL),(786,2021,1246,3,NULL),(787,2021,1242,3,NULL),(788,2021,1243,2,NULL),(789,2021,1244,4,NULL),(790,2022,1250,3,NULL),(791,2022,1251,0,NULL),(792,2022,1247,0,NULL),(793,2022,1248,0,NULL),(794,2022,1249,0,NULL),(795,2023,1250,3,NULL),(796,2023,1251,5,NULL),(797,2023,1247,0,NULL),(798,2023,1248,0,NULL),(799,2023,1249,0,NULL),(800,2024,1250,3,NULL),(801,2024,1251,4,NULL),(802,2024,1247,5,NULL),(803,2024,1248,0,NULL),(804,2024,1249,0,NULL),(805,2025,1250,3,NULL),(806,2025,1251,3,NULL),(807,2025,1247,3,NULL),(808,2025,1248,2,NULL),(809,2025,1249,4,NULL),(810,2026,1255,3,NULL),(811,2026,1256,0,NULL),(812,2026,1252,0,NULL),(813,2026,1253,0,NULL),(814,2026,1254,0,NULL),(815,2027,1255,3,NULL),(816,2027,1256,5,NULL),(817,2027,1252,0,NULL),(818,2027,1253,0,NULL),(819,2027,1254,0,NULL),(820,2028,1255,3,NULL),(821,2028,1256,4,NULL),(822,2028,1252,5,NULL),(823,2028,1253,0,NULL),(824,2028,1254,0,NULL),(825,2029,1255,3,NULL),(826,2029,1256,3,NULL),(827,2029,1252,3,NULL),(828,2029,1253,2,NULL),(829,2029,1254,4,NULL),(830,2030,1260,3,NULL),(831,2030,1261,0,NULL),(832,2030,1257,0,NULL),(833,2030,1258,0,NULL),(834,2030,1259,0,NULL),(835,2031,1260,3,NULL),(836,2031,1261,5,NULL),(837,2031,1257,0,NULL),(838,2031,1258,0,NULL),(839,2031,1259,0,NULL),(840,2032,1260,3,NULL),(841,2032,1261,4,NULL),(842,2032,1257,5,NULL),(843,2032,1258,0,NULL),(844,2032,1259,0,NULL),(845,2033,1260,3,NULL),(846,2033,1261,3,NULL),(847,2033,1257,3,NULL),(848,2033,1258,2,NULL),(849,2033,1259,4,NULL),(850,2034,1265,3,NULL),(851,2034,1266,0,NULL),(852,2034,1262,0,NULL),(853,2034,1263,0,NULL),(854,2034,1264,0,NULL),(855,2035,1265,3,NULL),(856,2035,1266,5,NULL),(857,2035,1262,0,NULL),(858,2035,1263,0,NULL),(859,2035,1264,0,NULL),(860,2036,1265,3,NULL),(861,2036,1266,4,NULL),(862,2036,1262,5,NULL),(863,2036,1263,0,NULL),(864,2036,1264,0,NULL),(865,2037,1265,3,NULL),(866,2037,1266,3,NULL),(867,2037,1262,3,NULL),(868,2037,1263,2,NULL),(869,2037,1264,4,NULL),(870,2038,1270,3,NULL),(871,2038,1271,0,NULL),(872,2038,1267,0,NULL),(873,2038,1268,0,NULL),(874,2038,1269,0,NULL),(875,2039,1270,3,NULL),(876,2039,1271,5,NULL),(877,2039,1267,0,NULL),(878,2039,1268,0,NULL),(879,2039,1269,0,NULL),(880,2040,1270,3,NULL),(881,2040,1271,4,NULL),(882,2040,1267,5,NULL),(883,2040,1268,0,NULL),(884,2040,1269,0,NULL),(885,2041,1270,3,NULL),(886,2041,1271,3,NULL),(887,2041,1267,3,NULL),(888,2041,1268,2,NULL),(889,2041,1269,4,NULL),(890,2042,1275,3,NULL),(891,2042,1276,0,NULL),(892,2042,1272,0,NULL),(893,2042,1273,0,NULL),(894,2042,1274,0,NULL),(895,2043,1275,3,NULL),(896,2043,1276,5,NULL),(897,2043,1272,0,NULL),(898,2043,1273,0,NULL),(899,2043,1274,0,NULL),(900,2044,1275,3,NULL),(901,2044,1276,4,NULL),(902,2044,1272,5,NULL),(903,2044,1273,0,NULL),(904,2044,1274,0,NULL),(905,2045,1275,3,NULL),(906,2045,1276,3,NULL),(907,2045,1272,3,NULL),(908,2045,1273,2,NULL),(909,2045,1274,4,NULL),(910,2046,1280,3,NULL),(911,2046,1281,0,NULL),(912,2046,1277,0,NULL),(913,2046,1278,0,NULL),(914,2046,1279,0,NULL),(915,2047,1280,3,NULL),(916,2047,1281,5,NULL),(917,2047,1277,0,NULL),(918,2047,1278,0,NULL),(919,2047,1279,0,NULL),(920,2048,1280,3,NULL),(921,2048,1281,4,NULL),(922,2048,1277,5,NULL),(923,2048,1278,0,NULL),(924,2048,1279,0,NULL),(925,2049,1280,3,NULL),(926,2049,1281,3,NULL),(927,2049,1277,3,NULL),(928,2049,1278,2,NULL),(929,2049,1279,4,NULL),(930,2050,1285,3,NULL),(931,2050,1286,0,NULL),(932,2050,1282,0,NULL),(933,2050,1283,0,NULL),(934,2050,1284,0,NULL),(935,2051,1285,3,NULL),(936,2051,1286,5,NULL),(937,2051,1282,0,NULL),(938,2051,1283,0,NULL),(939,2051,1284,0,NULL),(940,2052,1285,3,NULL),(941,2052,1286,4,NULL),(942,2052,1282,5,NULL),(943,2052,1283,0,NULL),(944,2052,1284,0,NULL),(945,2053,1285,3,NULL),(946,2053,1286,3,NULL),(947,2053,1282,3,NULL),(948,2053,1283,2,NULL),(949,2053,1284,4,NULL),(950,1976,1292,0,NULL),(951,1976,1291,0,NULL),(952,1976,1290,0,NULL),(953,1976,1293,0,NULL),(954,1976,1294,0,NULL),(955,1976,1295,0,NULL),(956,1976,1288,0,NULL),(957,1976,1287,0,NULL),(958,1976,1289,0,NULL),(959,1977,1292,0,NULL),(960,1977,1291,0,NULL),(961,1977,1290,0,NULL),(962,1977,1293,0,NULL),(963,1977,1294,0,NULL),(964,1977,1295,0,NULL),(965,1977,1288,0,NULL),(966,1977,1287,0,NULL),(967,1977,1289,0,NULL),(968,1978,1292,0,NULL),(969,1978,1291,0,NULL),(970,1978,1290,0,NULL),(971,1978,1293,0,NULL),(972,1978,1294,0,NULL),(973,1978,1295,0,NULL),(974,1978,1288,0,NULL),(975,1978,1287,0,NULL),(976,1978,1289,0,NULL),(977,1981,1292,0,NULL),(978,1981,1291,0,NULL),(979,1981,1290,0,NULL),(980,1981,1293,0,NULL),(981,1981,1294,0,NULL),(982,1981,1295,0,NULL),(983,1981,1288,0,NULL),(984,1981,1287,0,NULL),(985,1981,1289,0,NULL),(1063,2054,1299,20,NULL),(1064,2054,1300,0,NULL),(1067,2055,1299,4,NULL),(1068,2055,1300,20,NULL),(1071,2056,1299,4,NULL),(1072,2056,1300,15,NULL),(1075,2057,1299,4,NULL),(1076,2057,1300,15,NULL),(1079,2058,1299,4,NULL),(1080,2058,1300,10,NULL),(1083,2059,1299,4,NULL),(1084,2059,1300,5,NULL),(1087,2060,1299,4,NULL),(1088,2060,1300,5,NULL),(1091,2054,1302,0,NULL),(1092,2054,1303,0,NULL),(1093,2055,1302,0,NULL),(1094,2055,1303,0,NULL),(1095,2056,1302,10,NULL),(1096,2056,1303,0,NULL),(1097,2057,1302,15,NULL),(1098,2057,1303,0,NULL),(1099,2058,1302,10,NULL),(1100,2058,1303,10,NULL),(1101,2059,1302,5,NULL),(1102,2059,1303,20,NULL),(1103,2060,1302,6,NULL),(1104,2060,1303,30,NULL),(1105,2061,1305,0,NULL),(1106,2061,1306,0,NULL),(1107,2061,1304,0,NULL),(1108,2062,1305,0,NULL),(1109,2062,1306,0,NULL),(1110,2062,1304,0,NULL),(1111,2063,1305,0,NULL),(1112,2063,1306,0,NULL),(1113,2063,1304,0,NULL),(1114,2064,1305,0,NULL),(1115,2064,1306,0,NULL),(1116,2064,1304,0,NULL),(1117,2065,1309,20,NULL),(1118,2065,1310,0,NULL),(1119,2065,1307,0,NULL),(1120,2065,1308,0,NULL),(1121,2066,1309,4,NULL),(1122,2066,1310,20,NULL),(1123,2066,1307,0,NULL),(1124,2066,1308,0,NULL),(1125,2067,1309,4,NULL),(1126,2067,1310,15,NULL),(1127,2067,1307,10,NULL),(1128,2067,1308,0,NULL),(1129,2068,1309,4,NULL),(1130,2068,1310,15,NULL),(1131,2068,1307,15,NULL),(1132,2068,1308,0,NULL),(1133,2069,1309,4,NULL),(1134,2069,1310,10,NULL),(1135,2069,1307,10,NULL),(1136,2069,1308,10,NULL),(1137,2070,1309,4,NULL),(1138,2070,1310,5,NULL),(1139,2070,1307,5,NULL),(1140,2070,1308,20,NULL),(1141,2071,1309,4,NULL),(1142,2071,1310,5,NULL),(1143,2071,1307,6,NULL),(1144,2071,1308,30,NULL),(1145,2072,1313,20,NULL),(1146,2072,1314,0,NULL),(1147,2072,1311,0,NULL),(1148,2072,1312,0,NULL),(1149,2073,1313,4,NULL),(1150,2073,1314,20,NULL),(1151,2073,1311,0,NULL),(1152,2073,1312,0,NULL),(1153,2074,1313,4,NULL),(1154,2074,1314,15,NULL),(1155,2074,1311,10,NULL),(1156,2074,1312,0,NULL),(1157,2075,1313,4,NULL),(1158,2075,1314,15,NULL),(1159,2075,1311,15,NULL),(1160,2075,1312,0,NULL),(1161,2076,1313,4,NULL),(1162,2076,1314,10,NULL),(1163,2076,1311,10,NULL),(1164,2076,1312,10,NULL),(1165,2077,1313,4,NULL),(1166,2077,1314,5,NULL),(1167,2077,1311,5,NULL),(1168,2077,1312,20,NULL),(1169,2078,1313,4,NULL),(1170,2078,1314,5,NULL),(1171,2078,1311,6,NULL),(1172,2078,1312,30,NULL),(1173,2079,1317,20,NULL),(1174,2079,1318,0,NULL),(1175,2079,1315,0,NULL),(1176,2079,1316,0,NULL),(1177,2080,1317,4,NULL),(1178,2080,1318,20,NULL),(1179,2080,1315,0,NULL),(1180,2080,1316,0,NULL),(1181,2081,1317,4,NULL),(1182,2081,1318,15,NULL),(1183,2081,1315,10,NULL),(1184,2081,1316,0,NULL),(1185,2082,1317,4,NULL),(1186,2082,1318,15,NULL),(1187,2082,1315,15,NULL),(1188,2082,1316,0,NULL),(1189,2083,1317,4,NULL),(1190,2083,1318,10,NULL),(1191,2083,1315,10,NULL),(1192,2083,1316,10,NULL),(1193,2084,1317,4,NULL),(1194,2084,1318,5,NULL),(1195,2084,1315,5,NULL),(1196,2084,1316,20,NULL),(1197,2085,1317,4,NULL),(1198,2085,1318,5,NULL),(1199,2085,1315,6,NULL),(1200,2085,1316,30,NULL),(1201,2086,1321,20,NULL),(1202,2086,1322,0,NULL),(1203,2086,1319,0,NULL),(1204,2086,1320,0,NULL),(1205,2087,1321,4,NULL),(1206,2087,1322,20,NULL),(1207,2087,1319,0,NULL),(1208,2087,1320,0,NULL),(1209,2088,1321,4,NULL),(1210,2088,1322,15,NULL),(1211,2088,1319,10,NULL),(1212,2088,1320,0,NULL),(1213,2089,1321,4,NULL),(1214,2089,1322,15,NULL),(1215,2089,1319,15,NULL),(1216,2089,1320,0,NULL),(1217,2090,1321,4,NULL),(1218,2090,1322,10,NULL),(1219,2090,1319,10,NULL),(1220,2090,1320,10,NULL),(1221,2091,1321,4,NULL),(1222,2091,1322,5,NULL),(1223,2091,1319,5,NULL),(1224,2091,1320,20,NULL),(1225,2092,1321,4,NULL),(1226,2092,1322,5,NULL),(1227,2092,1319,6,NULL),(1228,2092,1320,30,NULL),(1229,2093,1325,20,NULL),(1230,2093,1326,0,NULL),(1231,2093,1323,0,NULL),(1232,2093,1324,0,NULL),(1233,2094,1325,4,NULL),(1234,2094,1326,20,NULL),(1235,2094,1323,0,NULL),(1236,2094,1324,0,NULL),(1237,2095,1325,4,NULL),(1238,2095,1326,15,NULL),(1239,2095,1323,10,NULL),(1240,2095,1324,0,NULL),(1241,2096,1325,4,NULL),(1242,2096,1326,15,NULL),(1243,2096,1323,15,NULL),(1244,2096,1324,0,NULL),(1245,2097,1325,4,NULL),(1246,2097,1326,10,NULL),(1247,2097,1323,10,NULL),(1248,2097,1324,10,NULL),(1249,2098,1325,4,NULL),(1250,2098,1326,5,NULL),(1251,2098,1323,5,NULL),(1252,2098,1324,20,NULL),(1253,2099,1325,4,NULL),(1254,2099,1326,5,NULL),(1255,2099,1323,6,NULL),(1256,2099,1324,30,NULL),(1257,2100,1329,20,NULL),(1258,2100,1330,0,NULL),(1259,2100,1327,0,NULL),(1260,2100,1328,0,NULL),(1261,2101,1329,4,NULL),(1262,2101,1330,20,NULL),(1263,2101,1327,0,NULL),(1264,2101,1328,0,NULL),(1265,2102,1329,4,NULL),(1266,2102,1330,15,NULL),(1267,2102,1327,10,NULL),(1268,2102,1328,0,NULL),(1269,2103,1329,4,NULL),(1270,2103,1330,15,NULL),(1271,2103,1327,15,NULL),(1272,2103,1328,0,NULL),(1273,2104,1329,4,NULL),(1274,2104,1330,10,NULL),(1275,2104,1327,10,NULL),(1276,2104,1328,10,NULL),(1277,2105,1329,4,NULL),(1278,2105,1330,5,NULL),(1279,2105,1327,5,NULL),(1280,2105,1328,20,NULL),(1281,2106,1329,4,NULL),(1282,2106,1330,5,NULL),(1283,2106,1327,6,NULL),(1284,2106,1328,30,NULL),(1285,2107,1333,20,NULL),(1286,2107,1334,0,NULL),(1287,2107,1331,0,NULL),(1288,2107,1332,0,NULL),(1289,2108,1333,4,NULL),(1290,2108,1334,20,NULL),(1291,2108,1331,0,NULL),(1292,2108,1332,0,NULL),(1293,2109,1333,4,NULL),(1294,2109,1334,15,NULL),(1295,2109,1331,10,NULL),(1296,2109,1332,0,NULL),(1297,2110,1333,4,NULL),(1298,2110,1334,15,NULL),(1299,2110,1331,15,NULL),(1300,2110,1332,0,NULL),(1301,2111,1333,4,NULL),(1302,2111,1334,10,NULL),(1303,2111,1331,10,NULL),(1304,2111,1332,10,NULL),(1305,2112,1333,4,NULL),(1306,2112,1334,5,NULL),(1307,2112,1331,5,NULL),(1308,2112,1332,20,NULL),(1309,2113,1333,4,NULL),(1310,2113,1334,5,NULL),(1311,2113,1331,6,NULL),(1312,2113,1332,30,NULL),(1320,2114,1299,4,NULL),(1321,2114,1300,4,NULL),(1322,2114,1302,5,NULL),(1323,2114,1303,10,NULL),(1325,2115,1339,20,NULL),(1326,2115,1340,0,NULL),(1327,2115,1336,0,NULL),(1328,2115,1337,0,NULL),(1329,2115,1338,0,NULL),(1330,2116,1339,4,NULL),(1331,2116,1340,20,NULL),(1332,2116,1336,0,NULL),(1333,2116,1337,0,NULL),(1334,2116,1338,0,NULL),(1335,2117,1339,4,NULL),(1336,2117,1340,15,NULL),(1337,2117,1336,10,NULL),(1338,2117,1337,0,NULL),(1339,2117,1338,0,NULL),(1340,2118,1339,4,NULL),(1341,2118,1340,15,NULL),(1342,2118,1336,15,NULL),(1343,2118,1337,0,NULL),(1344,2118,1338,0,NULL),(1345,2119,1339,4,NULL),(1346,2119,1340,10,NULL),(1347,2119,1336,10,NULL),(1348,2119,1337,10,NULL),(1349,2119,1338,0,NULL),(1350,2120,1339,4,NULL),(1351,2120,1340,5,NULL),(1352,2120,1336,5,NULL),(1353,2120,1337,20,NULL),(1354,2120,1338,0,NULL),(1355,2121,1339,4,NULL),(1356,2121,1340,5,NULL),(1357,2121,1336,6,NULL),(1358,2121,1337,30,NULL),(1359,2121,1338,0,NULL),(1360,2122,1339,4,NULL),(1361,2122,1340,4,NULL),(1362,2122,1336,5,NULL),(1363,2122,1337,10,NULL),(1364,2122,1338,20,NULL);
/*!40000 ALTER TABLE `symptomstagetype` ENABLE KEYS */;
UNLOCK TABLES;

--
-- Table structure for table `timerows`
--

DROP TABLE IF EXISTS `timerows`;
/*!40101 SET @saved_cs_client     = @@character_set_client */;
/*!40101 SET character_set_client = utf8 */;
CREATE TABLE `timerows` (
  `id` int(11) NOT NULL AUTO_INCREMENT,
  `name` varchar(50) DEFAULT NULL,
  `openTime` int(11) DEFAULT NULL,
  `closeTime` int(11) DEFAULT NULL,
  `percentage` double DEFAULT NULL,
  `dayRowId` int(11) DEFAULT NULL,
  PRIMARY KEY (`id`),
  KEY `dayRowId` (`dayRowId`),
  CONSTRAINT `timerows_ibfk_1` FOREIGN KEY (`dayRowId`) REFERENCES `dayrows` (`id`)
) ENGINE=InnoDB AUTO_INCREMENT=260 DEFAULT CHARSET=utf8;
/*!40101 SET character_set_client = @saved_cs_client */;

--
-- Dumping data for table `timerows`
--

LOCK TABLES `timerows` WRITE;
/*!40000 ALTER TABLE `timerows` DISABLE KEYS */;
INSERT INTO `timerows` VALUES (22,'From 0 to 2',0,2,0,8),(23,'From 3 to 5',3,5,0,9),(24,'From 0 to 2',0,2,20,1),(25,'From 2 to 6',2,6,40,1),(26,'From 2 to 5',2,5,50,2),(27,'From 5 to 6',5,6,0,3),(28,'From 6 to 15',6,15,0,4),(29,'From 1 to 6',1,6,0,5),(30,'From 5 to 14',5,14,0,6),(31,'From 1 to 6',1,6,0,7),(32,'From 10 to 18',10,18,0,1),(33,'From   to   ',-2,-1,0,15),(34,'From   to   ',-2,-1,0,16),(35,'From   to   ',-2,-1,0,17),(36,'From   to   ',-2,-1,0,18),(37,'From   to   ',-2,-1,0,19),(38,'From   to   ',-2,-1,0,20),(39,'From   to   ',-2,-1,0,21),(40,'From   to   ',-2,-1,0,22),(41,'From   to   ',-2,-1,0,23),(42,'From   to   ',-2,-1,0,24),(43,'From   to   ',-2,-1,0,25),(44,'From   to   ',-2,-1,0,26),(45,'From   to   ',-2,-1,0,27),(46,'From   to   ',-2,-1,0,28),(47,'Invalid',-2,-1,0,29),(48,'Invalid',-2,-1,0,30),(49,'Invalid',-2,-1,0,31),(50,'Invalid',-2,-1,0,32),(51,'From 12 to 13',12,13,100,33),(52,'Invalid',-2,-1,0,34),(53,'Invalid',-2,-1,0,35),(54,'From 8 to 20',8,20,100,36),(55,'From 8 to 20',8,20,100,37),(56,'From 8 to 20',8,20,100,38),(57,'From 8 to 20',8,20,100,39),(58,'From 8 to 20',8,20,100,40),(59,'From 8 to 20',8,20,100,41),(60,'From 8 to 20',8,20,100,42),(61,'From 8 to 12',8,14,100,43),(62,'From 8 to 12',8,14,100,44),(63,'From 8 to 12',8,14,100,45),(64,'From 8 to 12',8,14,100,46),(65,'From 8 to 12',8,14,100,47),(66,'Invalid',-2,-1,0,48),(67,'Invalid',-2,-1,0,49),(68,'Invalid',-2,-1,0,50),(69,'Invalid',-2,-1,0,51),(70,'Invalid',-2,-1,0,52),(71,'Invalid',-2,-1,0,53),(72,'Invalid',-2,-1,0,54),(73,'Invalid',-2,-1,0,55),(74,'Invalid',-2,-1,0,56),(75,'From 8 to 12',8,17,100,57),(76,'From 8 to 12',8,17,100,58),(77,'From 8 to 12',8,17,100,59),(78,'From 8 to 12',8,17,100,60),(79,'From 8 to 12',8,17,100,61),(80,'Invalid',-2,-1,0,62),(81,'Invalid',-2,-1,0,63),(82,'From 8 to 16',8,16,100,64),(83,'From 8 to 16',8,16,100,65),(84,'From 8 to 16',8,16,100,66),(85,'From 8 to 16',8,16,100,67),(86,'From 8 to 16',8,16,100,68),(87,'Invalid',-2,-1,0,69),(88,'Invalid',-2,-1,0,70),(89,'Invalid',-2,-1,0,71),(90,'Invalid',-2,-1,0,72),(91,'Invalid',-2,-1,0,73),(92,'Invalid',-2,-1,0,74),(93,'From 9 to 10',9,10,100,75),(94,'Invalid',-2,-1,0,76),(95,'Invalid',9,10,0,77),(96,'From 18 to 20',8,22,100,78),(97,'From 8 to 12',8,22,100,79),(98,'From 8 to 12',8,22,100,80),(99,'From 8 to 12',8,22,100,81),(100,'From 8 to 12',8,22,100,82),(101,'From 0 to 4',8,22,100,83),(102,'From 0 to 4',8,22,100,84),(119,'From 18 to 20',18,20,50,84),(120,'From   to   ',-2,-1,0,85),(121,'From   to   ',-2,-1,0,86),(122,'From   to   ',-2,-1,0,87),(123,'From   to   ',-2,-1,0,88),(124,'From   to   ',-2,-1,0,89),(125,'From   to   ',-2,-1,0,90),(126,'From   to   ',-2,-1,0,91),(127,'From   to   ',-2,-1,0,92),(128,'From   to   ',-2,-1,0,93),(129,'From   to   ',-2,-1,0,94),(130,'From   to   ',-2,-1,0,95),(131,'From   to   ',-2,-1,0,96),(132,'From   to   ',-2,-1,0,97),(133,'From   to   ',-2,-1,0,98),(148,'Invalid',0,23,100,113),(149,'Invalid',0,24,100,114),(150,'Invalid',0,24,100,115),(151,'Invalid',0,24,100,116),(152,'Invalid',0,24,100,117),(153,'Invalid',0,24,100,118),(154,'Invalid',0,24,100,119),(155,'Invalid',4,22,100,120),(156,'Invalid',4,22,100,121),(157,'Invalid',4,22,100,122),(158,'Invalid',4,22,100,123),(159,'Invalid',4,22,100,124),(160,'Invalid',4,22,100,125),(161,'Invalid',4,14,100,126),(169,'Invalid',-2,-1,0,134),(170,'Invalid',-2,-1,0,135),(171,'Invalid',-2,-1,0,136),(172,'Invalid',-2,-1,0,137),(173,'Invalid',-2,-1,0,138),(174,'Invalid',-2,-1,0,139),(175,'Invalid',-2,-1,0,140),(183,'Invalid',8,22,100,148),(184,'Invalid',8,22,100,149),(185,'Invalid',8,12,100,150),(186,'Invalid',8,22,100,151),(187,'Invalid',8,22,100,152),(188,'Invalid',8,22,100,153),(189,'Invalid',8,22,100,154),(190,'Invalid',8,14,100,155),(191,'Invalid',8,22,100,156),(192,'Invalid',8,14,100,157),(193,'Invalid',8,14,100,158),(194,'Invalid',8,14,100,159),(195,'Invalid',8,14,100,160),(196,'Invalid',8,14,100,161),(197,'Invalid',-2,-1,0,162),(198,'Invalid',-2,-1,0,163),(199,'Invalid',-2,-1,0,164),(200,'Invalid',-2,-1,0,165),(201,'Invalid',-2,-1,0,166),(202,'Invalid',-2,-1,0,167),(203,'Invalid',-2,-1,0,168),(204,'Invalid',8,17,100,169),(205,'Invalid',8,17,100,170),(206,'Invalid',8,17,100,171),(207,'Invalid',8,17,100,172),(208,'Invalid',8,17,100,173),(209,'Invalid',8,17,100,174),(210,'Invalid',-2,-1,0,175),(211,'Invalid',0,24,100,176),(212,'Invalid',0,24,100,177),(213,'Invalid',0,24,100,178),(214,'Invalid',0,24,100,179),(215,'Invalid',0,24,100,180),(216,'Invalid',0,24,100,181),(217,'Invalid',0,24,100,182),(218,'Invalid',-2,-1,0,183),(219,'Invalid',-2,-1,0,184),(220,'Invalid',-2,-1,0,185),(221,'Invalid',-2,-1,0,186),(222,'Invalid',-2,-1,0,187),(223,'Invalid',-2,-1,0,188),(224,'Invalid',9,10,100,189),(225,'Invalid',8,22,100,190),(226,'Invalid',8,22,100,191),(227,'Invalid',8,22,100,192),(228,'Invalid',8,22,100,193),(229,'Invalid',8,22,100,194),(230,'Invalid',8,22,100,195),(231,'Invalid',8,22,100,196),(232,'Invalid',8,20,100,197),(233,'Invalid',8,20,100,198),(234,'Invalid',8,20,100,199),(235,'Invalid',8,20,100,200),(236,'Invalid',8,20,100,201),(237,'Invalid',8,20,100,202),(238,'Invalid',8,20,100,203),(239,'Invalid',8,16,100,204),(240,'Invalid',8,16,100,205),(241,'Invalid',8,16,100,206),(242,'Invalid',8,16,100,207),(243,'Invalid',8,16,100,208),(244,'Invalid',-2,-1,0,209),(245,'Invalid',-2,-1,0,210),(246,'Invalid',-2,-1,0,211),(247,'Invalid',-2,-1,0,212),(248,'Invalid',-2,-1,0,213),(249,'Invalid',-2,-1,0,214),(250,'Invalid',-2,-1,0,215),(251,'Invalid',-2,-1,0,216),(252,'Invalid',-2,-1,0,217),(253,'Invalid',-2,-1,0,218),(254,'Invalid',-2,-1,0,219),(255,'Invalid',-2,-1,0,220),(256,'Invalid',-2,-1,0,221),(257,'Invalid',-2,-1,0,222),(258,'Invalid',-2,-1,0,223),(259,'Invalid',-2,-1,0,224);
/*!40000 ALTER TABLE `timerows` ENABLE KEYS */;
UNLOCK TABLES;

--
-- Table structure for table `university`
--

DROP TABLE IF EXISTS `university`;
/*!40101 SET @saved_cs_client     = @@character_set_client */;
/*!40101 SET character_set_client = utf8 */;
CREATE TABLE `university` (
  `id` int(10) NOT NULL AUTO_INCREMENT,
  `name` varchar(255) NOT NULL,
  `x` int(10) NOT NULL,
  `y` int(10) NOT NULL,
  `width` int(10) NOT NULL,
  `height` int(10) NOT NULL,
  `sickPercentage` double NOT NULL,
  `locationCategoryId` int(10) NOT NULL,
  `openTime` int(11) DEFAULT NULL,
  `closeTime` int(11) DEFAULT NULL,
  `days` varchar(200) DEFAULT NULL,
  `fixed` tinyint(2) DEFAULT NULL,
  PRIMARY KEY (`id`),
  UNIQUE KEY `id` (`id`),
  KEY `FKuniversity445896` (`locationCategoryId`),
  CONSTRAINT `FKuniversity445896` FOREIGN KEY (`locationCategoryId`) REFERENCES `locationcategories` (`id`)
) ENGINE=InnoDB AUTO_INCREMENT=22 DEFAULT CHARSET=utf8;
/*!40101 SET character_set_client = @saved_cs_client */;

--
-- Dumping data for table `university`
--

LOCK TABLES `university` WRITE;
/*!40000 ALTER TABLE `university` DISABLE KEYS */;
INSERT INTO `university` VALUES (16,' ',884,442,75,75,50,76,7,18,'Monday Tuesday Wednesday Thursday Friday ',1),(17,' ',806,182,75,75,50,76,7,18,'Monday Tuesday Wednesday Thursday Friday ',1),(18,' ',832,234,75,75,50,87,0,0,'',0),(19,' ',494,702,75,75,50,87,0,0,'',0),(20,' ',416,26,75,75,50,93,0,0,' ',0),(21,' ',884,416,75,75,0,109,NULL,NULL,NULL,NULL);
/*!40000 ALTER TABLE `university` ENABLE KEYS */;
UNLOCK TABLES;
/*!40103 SET TIME_ZONE=@OLD_TIME_ZONE */;

/*!40101 SET SQL_MODE=@OLD_SQL_MODE */;
/*!40014 SET FOREIGN_KEY_CHECKS=@OLD_FOREIGN_KEY_CHECKS */;
/*!40014 SET UNIQUE_CHECKS=@OLD_UNIQUE_CHECKS */;
/*!40101 SET CHARACTER_SET_CLIENT=@OLD_CHARACTER_SET_CLIENT */;
/*!40101 SET CHARACTER_SET_RESULTS=@OLD_CHARACTER_SET_RESULTS */;
/*!40101 SET COLLATION_CONNECTION=@OLD_COLLATION_CONNECTION */;
/*!40111 SET SQL_NOTES=@OLD_SQL_NOTES */;

-- Dump completed on 2021-01-11 20:02:24
